// FICHIER GÉNÉRÉ AUTOMATIQUEMENT par tools/generer_ihm_h.py — ne pas modifier à la main.
// Source : ihm/ihm.html (compressée en gzip). Relancer `python tools/generer_ihm_h.py`
// après chaque modification de l'IHM.
#pragma once
#include <pgmspace.h>

// 81033 octets de HTML -> 20895 octets compressés
const size_t IHM_HTML_GZ_TAILLE = 20895;
const uint8_t IHM_HTML_GZ[] PROGMEM = {
  0x1f, 0x8b, 0x08, 0x00, 0x00, 0x00, 0x00, 0x00, 0x02, 0x03, 0xdd, 0xbd, 0x5d, 0x73, 0x1b, 0x49, 0xb2, 0x28, 0xf6, 0x3e,
  0xbf, 0xa2, 0xc4, 0xf9, 0x00, 0x7a, 0xd4, 0x00, 0xbb, 0x01, 0x82, 0x22, 0x09, 0x91, 0xba, 0x14, 0xc9, 0xd1, 0x70, 0x57,
  0x12, 0x79, 0x44, 0x4a, 0x3b, 0x3a, 0x5a, 0x59, 0x6a, 0xa0, 0x1b, 0x40, 0x8f, 0x00, 0x34, 0xa6, 0xbb, 0xc1, 0x8f, 0xd5,
  0xf0, 0xc6, 0x3e, 0x9d, 0x88, 0xf5, 0x8b, 0xed, 0xeb, 0xf3, 0x62, 0x3f, 0x9d, 0xb8, 0x2f, 0xde, 0xb1, 0x23, 0x6e, 0xdc,
  0x37, 0x3b, 0xec, 0xb7, 0xc3, 0x7f, 0xb2, 0x7f, 0xc0, 0x7f, 0xc1, 0x99, 0x59, 0x1f, 0x5d, 0xdd, 0x5d, 0x0d, 0x80, 0x1a,
  0xcd, 0x6e, 0xf8, 0xce, 0xee, 0x0c, 0x1b, 0xf5, 0x91, 0x95, 0x55, 0x95, 0x95, 0x95, 0x99, 0x95, 0x95, 0xf5, 0xf0, 0xde,
  0xe1, 0xc9, 0xc1, 0xf9, 0xeb, 0xd3, 0x23, 0x36, 0x4a, 0x27, 0xe3, 0xbd, 0x2f, 0x1e, 0xe2, 0x1f, 0x36, 0xf6, 0xa6, 0xc3,
  0xdd, 0xb5, 0x41, 0xbc, 0x86, 0x09, 0x81, 0xe7, 0xef, 0x7d, 0xc1, 0xe0, 0x9f, 0x87, 0x93, 0x20, 0xf5, 0x58, 0x7f, 0xe4,
  0xc5, 0x49, 0x90, 0xee, 0xae, 0xbd, 0x3c, 0xff, 0xae, 0xb1, 0xb5, 0xa6, 0x67, 0x4d, 0xbd, 0x49, 0xb0, 0xbb, 0x76, 0x11,
  0x06, 0x97, 0xb3, 0x28, 0x4e, 0xd7, 0x58, 0x3f, 0x9a, 0xa6, 0xc1, 0x14, 0x8a, 0x5e, 0x86, 0x7e, 0x3a, 0xda, 0xf5, 0x83,
  0x8b, 0xb0, 0x1f, 0x34, 0xe8, 0x87, 0xcd, 0xc2, 0x69, 0x98, 0x86, 0xde, 0xb8, 0x91, 0xf4, 0xbd, 0x71, 0xb0, 0xeb, 0x36,
  0x1d, 0x03, 0xa8, 0x74, 0x14, 0x4c, 0x82, 0x46, 0x3f, 0x1a, 0x47, 0xb1, 0x06, 0xed, 0x4b, 0xc7, 0x77, 0x9d, 0x96, 0x2a,
  0x9f, 0x86, 0xe9, 0x38, 0xd8, 0x7b, 0x11, 0xf5, 0xa2, 0x94, 0xa5, 0xb7, 0xbf, 0x8c, 0x6f, 0x7f, 0x19, 0xce, 0x43, 0xff,
  0xf6, 0x17, 0xf6, 0xb7, 0x3f, 0xff, 0x2b, 0x3b, 0xfe, 0xfe, 0xd9, 0xc3, 0x75, 0x5e, 0x82, 0x97, 0xbe, 0xd7, 0x68, 0xb0,
  0xfd, 0x79, 0x7f, 0x3e, 0x0d, 0x58, 0x2f, 0xec, 0x8d, 0xc3, 0x28, 0x1d, 0xdd, 0xfe, 0xf5, 0xa7, 0x79, 0xc0, 0x82, 0xab,
  0x34, 0x88, 0x21, 0x75, 0x07, 0x7a, 0xcf, 0x66, 0xde, 0x30, 0x60, 0x83, 0x68, 0xda, 0x4f, 0xc3, 0x68, 0x0a, 0x89, 0x67,
  0xfb, 0xcf, 0xcf, 0xd8, 0xf1, 0x94, 0x4a, 0xa4, 0x36, 0xfb, 0x69, 0xee, 0x4d, 0x7d, 0x36, 0x0e, 0xd8, 0xe9, 0x01, 0x0b,
  0x92, 0x94, 0x20, 0xd3, 0x3f, 0x7d, 0x2c, 0xdd, 0x07, 0x2c, 0x98, 0x37, 0x67, 0x7f, 0x08, 0xbf, 0x0b, 0xd9, 0x8b, 0x93,
  0xc7, 0x27, 0xe7, 0xef, 0x8e, 0xce, 0x4e, 0xdb, 0x2d, 0x56, 0x0f, 0xc6, 0x50, 0x07, 0x2a, 0x30, 0xbf, 0xe6, 0x85, 0xf0,
  0x3d, 0x8f, 0x13, 0x96, 0x04, 0x31, 0x8c, 0x18, 0xb4, 0x18, 0x23, 0xc0, 0x98, 0xba, 0xb1, 0x03, 0xb3, 0x91, 0xce, 0x76,
  0xd6, 0xd7, 0xdd, 0xed, 0x56, 0xd3, 0xdd, 0xdc, 0x6a, 0x6e, 0x34, 0x5d, 0xab, 0xc9, 0x1a, 0x0d, 0xd1, 0x89, 0x24, 0xbd,
  0x96, 0x1d, 0xc2, 0x7f, 0x76, 0xe2, 0x08, 0x2a, 0x7d, 0xcc, 0xd0, 0x80, 0x7f, 0x1a, 0x0d, 0x40, 0xdf, 0xdf, 0x61, 0x62,
  0xb0, 0xba, 0x90, 0x90, 0xcc, 0xe3, 0x81, 0xd7, 0x0f, 0x20, 0xcd, 0xed, 0xb8, 0x5e, 0x2b, 0xd0, 0xd2, 0x1a, 0x2d, 0x4c,
  0xed, 0xb5, 0xdc, 0x0d, 0xbd, 0x64, 0xa3, 0x0d, 0xa9, 0xad, 0x76, 0xcb, 0xdb, 0xf0, 0xbb, 0x05, 0xe0, 0xbd, 0x28, 0x46,
  0xe0, 0x2d, 0xaf, 0xed, 0x76, 0xb6, 0xb0, 0x4a, 0x8a, 0xe3, 0x07, 0x29, 0xc1, 0x83, 0x60, 0x7b, 0xd0, 0xc1, 0x14, 0x2f,
  0x85, 0xe9, 0x9a, 0x63, 0xda, 0x56, 0x7f, 0xbb, 0xdd, 0xa3, 0x52, 0x7e, 0x98, 0xf4, 0xe3, 0x20, 0x85, 0xb4, 0x8e, 0xbf,
  0xb9, 0xb1, 0xed, 0x14, 0xc1, 0x5e, 0x04, 0x31, 0x66, 0xb6, 0x37, 0xfc, 0xf6, 0xf6, 0x36, 0x56, 0xe8, 0xc1, 0x20, 0x41,
  0xc2, 0xa6, 0xe3, 0x75, 0x06, 0x1e, 0x26, 0x44, 0x31, 0xd0, 0x26, 0x02, 0x1d, 0xf4, 0x7a, 0x83, 0xd6, 0x06, 0x26, 0xc5,
  0xd1, 0x9c, 0xa7, 0x6c, 0x3d, 0x70, 0x1f, 0xb8, 0x98, 0x72, 0x11, 0x46, 0x63, 0x6a, 0xa5, 0xef, 0x6c, 0x6d, 0x0c, 0xfa,
  0xc5, 0x56, 0xfa, 0xd7, 0xde, 0x14, 0x91, 0x6f, 0xf9, 0xed, 0x20, 0xe0, 0x10, 0x12, 0x02, 0xb0, 0xf1, 0xa0, 0xd5, 0xdb,
  0xc4, 0x84, 0x71, 0x38, 0xc1, 0x04, 0xaf, 0x1d, 0x6c, 0xb6, 0x3b, 0xc5, 0xea, 0xb1, 0x77, 0x1d, 0x41, 0x7d, 0x77, 0x73,
  0x76, 0x45, 0x18, 0x4d, 0x7a, 0x31, 0x14, 0x76, 0x98, 0xeb, 0xcc, 0xae, 0x58, 0x1b, 0xff, 0x13, 0x0f, 0x7b, 0x5e, 0xdd,
  0xb1, 0xe9, 0x7f, 0xcd, 0x76, 0xc7, 0xca, 0x20, 0xdc, 0xa8, 0xaf, 0x6f, 0xd9, 0x47, 0xd6, 0x8b, 0xae, 0x1a, 0x49, 0xf8,
  0xa7, 0x70, 0x3a, 0xdc, 0x61, 0x38, 0xa2, 0x41, 0x0c, 0x03, 0x0b, 0x40, 0xb3, 0x52, 0xb8, 0x1c, 0x6d, 0xc8, 0xf3, 0xaf,
  0xa1, 0xf8, 0xc4, 0x8b, 0x87, 0x21, 0xb4, 0xec, 0xe8, 0x25, 0x78, 0x5e, 0x0e, 0x45, 0x98, 0xf9, 0xb4, 0x31, 0xf0, 0x26,
  0xe1, 0xf8, 0x7a, 0x87, 0x25, 0xd7, 0x49, 0x1a, 0x4c, 0x1a, 0xf3, 0xd0, 0x66, 0x0d, 0x6f, 0x36, 0x1b, 0x07, 0x0d, 0x9e,
  0x62, 0xb3, 0xda, 0x59, 0x30, 0x8c, 0x02, 0xf6, 0xf2, 0xb8, 0x66, 0x33, 0x5a, 0x3e, 0x91, 0xcd, 0x12, 0x6f, 0x9a, 0x34,
  0x80, 0x24, 0xc3, 0x41, 0x97, 0xd1, 0xba, 0xdb, 0x61, 0x17, 0x5e, 0x5c, 0x17, 0xf3, 0x6b, 0xe5, 0x87, 0xa2, 0xe7, 0xf5,
  0x3f, 0x0c, 0x61, 0xf4, 0x91, 0xce, 0x62, 0xcf, 0xc7, 0xd5, 0x3c, 0xc4, 0xbf, 0xb0, 0x4a, 0xeb, 0x6e, 0xcb, 0xc1, 0x91,
  0xd8, 0xa4, 0xff, 0x7a, 0x29, 0x0c, 0xce, 0xd7, 0xac, 0x01, 0xff, 0xb1, 0x81, 0xce, 0xfc, 0x56, 0xa7, 0xb3, 0xc1, 0xf0,
  0x3b, 0x85, 0xd9, 0x4c, 0x80, 0xf4, 0xa1, 0x06, 0x14, 0xfd, 0xda, 0xb2, 0x73, 0xf0, 0xf5, 0x7f, 0x8a, 0xf0, 0xb7, 0x09,
  0x70, 0x47, 0x81, 0x47, 0xf8, 0x02, 0xfc, 0x66, 0xdb, 0xd9, 0xf0, 0x4a, 0xe0, 0x3b, 0x1d, 0x00, 0x2f, 0x3a, 0x83, 0x4b,
  0xa3, 0xb2, 0x2f, 0x48, 0xb8, 0x5e, 0x7f, 0x34, 0x81, 0x4a, 0x3b, 0x6c, 0x10, 0x5e, 0x05, 0x7e, 0x97, 0x4d, 0xc2, 0x69,
  0x63, 0x14, 0x84, 0xc3, 0x11, 0x24, 0xb9, 0x8e, 0x73, 0x31, 0xea, 0xf2, 0x41, 0x86, 0xc9, 0x83, 0xa9, 0x77, 0x3b, 0x48,
  0x09, 0xe3, 0x70, 0x1a, 0x64, 0x85, 0x9a, 0x1b, 0xa6, 0x49, 0xef, 0xcd, 0xd3, 0x34, 0x9a, 0x22, 0xf3, 0x9b, 0xcd, 0x61,
  0xc5, 0x12, 0x90, 0x1d, 0xf8, 0x35, 0x82, 0x11, 0x4f, 0xd5, 0x88, 0xab, 0xdf, 0x59, 0xc5, 0xe6, 0x74, 0x3e, 0x11, 0xe5,
  0x1b, 0xd0, 0x87, 0xd0, 0x83, 0xbf, 0x90, 0x04, 0xc5, 0xfa, 0x3b, 0x2c, 0xf5, 0x7a, 0xf3, 0xb1, 0x17, 0x63, 0x42, 0x82,
  0x95, 0x54, 0xad, 0xf5, 0x6f, 0x81, 0x3e, 0xe5, 0x3f, 0xec, 0xb1, 0x17, 0xc7, 0x01, 0xf3, 0xe7, 0x6c, 0xe4, 0x41, 0xe3,
  0x5a, 0xc6, 0xb7, 0xeb, 0x59, 0x3b, 0x3d, 0x2c, 0xd4, 0xa0, 0x12, 0x79, 0xa2, 0x9a, 0x45, 0x49, 0x88, 0xdc, 0x10, 0x28,
  0x2a, 0x0d, 0xfb, 0x1f, 0xae, 0xbb, 0x2c, 0x8d, 0x66, 0x44, 0x8b, 0x7f, 0x6a, 0x84, 0x53, 0x3f, 0xb8, 0xc2, 0x91, 0xe9,
  0x32, 0x58, 0xe1, 0xb3, 0xb1, 0x07, 0x74, 0x37, 0x18, 0x07, 0x30, 0x28, 0xf8, 0xdf, 0xc6, 0x65, 0xec, 0x41, 0x49, 0xfc,
  0x6f, 0x97, 0x79, 0xe3, 0x70, 0x38, 0x6d, 0x84, 0x40, 0x80, 0xc9, 0x0e, 0xeb, 0x07, 0xc8, 0x52, 0xbb, 0x6c, 0x88, 0xf9,
  0xee, 0x06, 0x4c, 0x65, 0xab, 0x05, 0x43, 0x99, 0x6f, 0xd7, 0xf3, 0x7d, 0x5a, 0x20, 0x6e, 0x4b, 0xe6, 0xe7, 0x09, 0x0f,
  0xd7, 0x9a, 0xdb, 0xb6, 0xdd, 0x4d, 0xbb, 0xdd, 0x82, 0xe5, 0xb6, 0xd5, 0xb2, 0x78, 0x01, 0x3f, 0x8e, 0x66, 0x8d, 0x41,
  0x38, 0x86, 0x16, 0x60, 0x75, 0x8d, 0xe7, 0x71, 0x1d, 0x21, 0x60, 0xa6, 0x5c, 0x69, 0x30, 0x17, 0x13, 0x80, 0x0b, 0x60,
  0x93, 0x68, 0x1c, 0xfa, 0x82, 0x38, 0x30, 0xdb, 0xb8, 0x62, 0x9b, 0xb0, 0xfe, 0x70, 0xa7, 0xf8, 0x58, 0xec, 0xe4, 0x82,
  0x3e, 0x11, 0xba, 0x7c, 0xdd, 0x36, 0x62, 0x4e, 0x1a, 0x30, 0xb4, 0x51, 0xd7, 0x00, 0x36, 0xb9, 0x18, 0x02, 0x68, 0xda,
  0x1d, 0x77, 0x58, 0x7b, 0x0b, 0x2b, 0x4a, 0x6a, 0xe2, 0xbf, 0x68, 0x2c, 0x93, 0x51, 0x1c, 0x4e, 0x3f, 0x14, 0x78, 0x80,
  0x04, 0x31, 0x72, 0x25, 0x8d, 0x08, 0xc2, 0x6c, 0xba, 0x9d, 0x60, 0xd2, 0xd5, 0x19, 0x07, 0xf0, 0x45, 0x40, 0xaf, 0x01,
  0xab, 0xa2, 0x4f, 0xa3, 0xea, 0x34, 0x09, 0x45, 0x03, 0x3a, 0x13, 0x6f, 0x3c, 0x06, 0x70, 0x39, 0x2e, 0x20, 0x78, 0xba,
  0x95, 0x23, 0x7f, 0x18, 0x73, 0x6c, 0x44, 0x03, 0x31, 0xf3, 0x80, 0x46, 0x60, 0x7f, 0x4b, 0xca, 0x63, 0x55, 0x22, 0x08,
  0x1a, 0xa7, 0xad, 0x02, 0x0e, 0x12, 0xc0, 0x5d, 0xc6, 0x7a, 0x1b, 0x61, 0x28, 0x6a, 0x01, 0xe6, 0xcc, 0x29, 0x86, 0x3e,
  0x9c, 0x22, 0xd5, 0xf0, 0xee, 0x88, 0x7d, 0x4e, 0xd1, 0x44, 0x15, 0x31, 0x48, 0x92, 0x41, 0xe6, 0x33, 0x87, 0x76, 0xb7,
  0xb7, 0xa9, 0x31, 0xe4, 0x0a, 0x62, 0xbe, 0x1c, 0x33, 0xfa, 0x3d, 0xbd, 0x03, 0xbd, 0x71, 0xd4, 0xff, 0x50, 0x18, 0xb9,
  0x07, 0x34, 0x74, 0x94, 0x74, 0x29, 0x26, 0x1b, 0x58, 0xa6, 0x19, 0x98, 0x9c, 0x91, 0xc5, 0x00, 0x5b, 0x08, 0xb0, 0x62,
  0xd2, 0x26, 0xde, 0x95, 0x44, 0xb8, 0xc5, 0xc7, 0xe4, 0x72, 0x04, 0x43, 0x49, 0xd4, 0x00, 0xb5, 0xa7, 0x11, 0x9f, 0x92,
  0x08, 0xb6, 0xe1, 0xc1, 0x38, 0xba, 0x04, 0x31, 0x24, 0xf4, 0xfd, 0x60, 0x0a, 0x4b, 0x1d, 0xb8, 0x7f, 0x23, 0x4b, 0x06,
  0x39, 0x26, 0x9c, 0x25, 0x61, 0x92, 0xc3, 0x33, 0x49, 0xbd, 0x74, 0x9e, 0x34, 0x7c, 0x14, 0x45, 0x24, 0x19, 0xf3, 0x46,
  0x32, 0xce, 0x49, 0xd3, 0x90, 0x1f, 0xcb, 0x8e, 0xf3, 0xb5, 0x69, 0x6a, 0x84, 0xa4, 0x60, 0x2d, 0x24, 0xfb, 0xac, 0xc9,
  0x66, 0xf4, 0x01, 0xf7, 0xd3, 0x12, 0x18, 0x14, 0x28, 0x68, 0xfe, 0x10, 0x84, 0xe7, 0x23, 0xf2, 0x0e, 0xfd, 0x6f, 0x43,
  0x6e, 0xd3, 0x9d, 0x96, 0xdd, 0x72, 0x5d, 0xdb, 0xed, 0xb4, 0x81, 0x79, 0xb8, 0xb0, 0x57, 0x57, 0x34, 0x70, 0xe9, 0xc5,
  0x53, 0x63, 0x13, 0x5c, 0x22, 0x59, 0xdc, 0x48, 0xab, 0x03, 0x2d, 0x6c, 0xbb, 0x76, 0x7b, 0x53, 0x36, 0xe2, 0x4d, 0xc3,
  0x89, 0xc7, 0xf9, 0xe9, 0x6c, 0x3e, 0x4e, 0x02, 0x58, 0xab, 0xad, 0x04, 0x38, 0xff, 0x00, 0xe5, 0xe2, 0xa0, 0x0a, 0x89,
  0x20, 0x8e, 0xa3, 0xd8, 0x88, 0x05, 0x09, 0x41, 0x4b, 0x90, 0xd8, 0xd8, 0xb2, 0x5d, 0xe4, 0x94, 0xae, 0xa1, 0xab, 0xff,
  0xe1, 0x43, 0x70, 0x3d, 0x88, 0x41, 0xea, 0x4e, 0x04, 0x3e, 0x1f, 0x71, 0x66, 0xe0, 0xbf, 0x11, 0x72, 0x8a, 0xf4, 0x1a,
  0x69, 0x6b, 0x03, 0xe4, 0xba, 0x1b, 0x1d, 0xb3, 0xb1, 0x07, 0x94, 0xd5, 0x0f, 0xf2, 0x4c, 0xc7, 0x69, 0x6e, 0x03, 0xd3,
  0x61, 0xf7, 0xc2, 0x09, 0x6a, 0x01, 0xb0, 0x51, 0x15, 0xe8, 0xfb, 0x81, 0xe3, 0xe4, 0x32, 0x35, 0x78, 0x24, 0x3e, 0x5f,
  0xc1, 0xa0, 0x94, 0xd7, 0xbd, 0x91, 0x4d, 0x64, 0xe5, 0xe5, 0x86, 0x2a, 0xe9, 0xae, 0xe3, 0xe4, 0xb8, 0xc1, 0x96, 0xe0,
  0x06, 0x9f, 0x93, 0x09, 0x70, 0x6a, 0x8e, 0xe6, 0x29, 0x6e, 0xfc, 0xb8, 0x78, 0xa6, 0xc1, 0x22, 0xe4, 0x76, 0x06, 0x51,
  0x7f, 0x9e, 0x90, 0xd0, 0x47, 0x60, 0x72, 0x4b, 0x14, 0xc5, 0xdc, 0x3c, 0xe5, 0xf5, 0xd2, 0xa9, 0x2a, 0x2b, 0x81, 0x1b,
  0x11, 0xc8, 0xf7, 0x91, 0x64, 0xd2, 0x3e, 0xe8, 0x15, 0x08, 0x7b, 0x16, 0x85, 0x9c, 0x3f, 0x96, 0xf9, 0x4b, 0xe5, 0x30,
  0x34, 0xda, 0x80, 0x07, 0xc9, 0x4d, 0x62, 0xb7, 0xe7, 0x3b, 0x28, 0x03, 0x7a, 0x49, 0x84, 0x40, 0x35, 0x88, 0xe2, 0x09,
  0x6b, 0x3a, 0x9d, 0xa4, 0x88, 0xf0, 0xce, 0x08, 0x59, 0x04, 0x52, 0x83, 0xdc, 0x75, 0x69, 0xcb, 0x9b, 0x06, 0x49, 0x52,
  0x77, 0x4b, 0x6b, 0x0b, 0x2b, 0x78, 0xa0, 0x60, 0x5d, 0x20, 0xfd, 0x28, 0xc0, 0x20, 0x5e, 0xa0, 0x42, 0x58, 0x07, 0x2a,
  0x7a, 0x50, 0x2a, 0xdf, 0x98, 0xc5, 0xb0, 0x6a, 0xc2, 0x38, 0x28, 0x2c, 0x01, 0x9c, 0x01, 0x90, 0x7f, 0x32, 0xe1, 0xb3,
  0xdd, 0xf1, 0x83, 0x21, 0xca, 0x82, 0x4e, 0x6f, 0x7b, 0xcb, 0x85, 0x0f, 0xa7, 0xb3, 0xbd, 0xb9, 0xb9, 0x6d, 0x29, 0xce,
  0xf8, 0xe5, 0x60, 0x30, 0xa8, 0x84, 0xde, 0x14, 0x6a, 0x5c, 0xe0, 0xaf, 0xda, 0x4e, 0x30, 0xd8, 0x80, 0x7f, 0xe0, 0xa3,
  0xb7, 0xed, 0xf6, 0xdd, 0x7e, 0x0e, 0x71, 0x4f, 0xcc, 0x25, 0xf1, 0x50, 0x3f, 0xe8, 0x03, 0xbf, 0xe0, 0x23, 0xcb, 0x27,
  0x55, 0xd1, 0x79, 0x38, 0x25, 0x09, 0xd2, 0xc4, 0xd4, 0xb7, 0x4b, 0x3c, 0x5d, 0x88, 0xe3, 0xd5, 0xc2, 0xde, 0xb3, 0x10,
  0xd6, 0x70, 0x30, 0xe5, 0x9a, 0x6c, 0x85, 0xac, 0x37, 0x8c, 0x8b, 0x7b, 0x2c, 0xa4, 0x80, 0xb4, 0x8b, 0xff, 0x85, 0x16,
  0x26, 0x33, 0x5c, 0xdf, 0x48, 0xa8, 0xf3, 0xc9, 0x14, 0xe8, 0x0d, 0xb6, 0x3b, 0xd8, 0x40, 0xea, 0x6d, 0x94, 0xb9, 0x6d,
  0x90, 0x49, 0xe0, 0x8f, 0x25, 0x13, 0x1d, 0x9b, 0xb9, 0x83, 0xd8, 0x12, 0xeb, 0xb4, 0x95, 0xa7, 0x4c, 0xfc, 0x29, 0x24,
  0x37, 0x6d, 0x07, 0x72, 0x49, 0x78, 0xd7, 0x84, 0x93, 0xb2, 0x64, 0xd4, 0xf7, 0xe2, 0x74, 0xe9, 0x5c, 0x6f, 0x39, 0x34,
  0x07, 0x9c, 0xc5, 0x3d, 0xb0, 0xdb, 0x6d, 0x7b, 0x73, 0x03, 0xe5, 0xc0, 0x8e, 0x25, 0x13, 0x5d, 0xbb, 0xb5, 0x69, 0x6f,
  0x6c, 0xf2, 0xc4, 0x3b, 0xaf, 0x73, 0xc1, 0x5f, 0x51, 0xe9, 0xb3, 0x0a, 0x9d, 0xca, 0xb3, 0x5b, 0xb1, 0x1d, 0xa0, 0x3a,
  0x68, 0x2d, 0x10, 0x0e, 0xd2, 0x30, 0x05, 0x09, 0x5b, 0x76, 0x6d, 0x15, 0xf1, 0xe6, 0xc7, 0x39, 0x48, 0x00, 0x83, 0xeb,
  0x86, 0xb0, 0x80, 0xc0, 0x12, 0xc1, 0xfd, 0xba, 0xd1, 0x0b, 0xd2, 0xcb, 0x00, 0x77, 0x67, 0x2e, 0x6a, 0x6a, 0x83, 0x99,
  0xc9, 0xb6, 0x1b, 0x79, 0x8e, 0x39, 0x6a, 0x15, 0x05, 0x44, 0x67, 0xb9, 0x80, 0xd8, 0x2e, 0xc0, 0x68, 0x9b, 0xf8, 0xbd,
  0x3e, 0x8f, 0x42, 0x15, 0x76, 0xba, 0x0b, 0x85, 0xc7, 0x2a, 0x79, 0xa7, 0xe7, 0xf9, 0xc3, 0xd2, 0x96, 0xf2, 0xa0, 0x53,
  0x92, 0x93, 0x1e, 0x60, 0x3d, 0x35, 0x1d, 0x1b, 0x99, 0x98, 0x67, 0x94, 0xd5, 0x16, 0x33, 0xbc, 0x0a, 0x3c, 0x8d, 0xd2,
  0x51, 0xe5, 0x92, 0x3b, 0x0d, 0xc7, 0x51, 0xba, 0x60, 0xb9, 0xcd, 0x64, 0xfe, 0xc7, 0x2a, 0x65, 0x6a, 0x8b, 0xd8, 0x37,
  0xa7, 0x81, 0x24, 0x18, 0x0f, 0x30, 0x1b, 0xe8, 0x24, 0x37, 0x3c, 0x7f, 0x02, 0xae, 0xd1, 0xf8, 0x31, 0xba, 0xa6, 0x8a,
  0x9f, 0x4a, 0x40, 0x39, 0xc1, 0xb9, 0x55, 0xd4, 0x00, 0x32, 0xe8, 0x05, 0xcb, 0x47, 0x4a, 0x56, 0x2b, 0xa4, 0x7d, 0x2e,
  0x3c, 0x72, 0xf2, 0x16, 0x1c, 0x89, 0xf2, 0xac, 0x4c, 0xda, 0x2b, 0x24, 0x9b, 0xc4, 0xbe, 0x6c, 0x18, 0xe2, 0x00, 0x78,
  0x0d, 0x6c, 0x05, 0x25, 0x71, 0x6f, 0x65, 0x83, 0x43, 0x3f, 0x8c, 0xfb, 0xc0, 0xcc, 0xbc, 0x94, 0xe4, 0x96, 0x8d, 0x0e,
  0x9a, 0x02, 0x5a, 0x1b, 0xad, 0x7e, 0x67, 0x93, 0x71, 0xb3, 0x40, 0xc7, 0xf5, 0xda, 0x6d, 0xa0, 0x9a, 0xaf, 0x97, 0x72,
  0x80, 0x7c, 0x9b, 0xda, 0x0a, 0x0f, 0xa7, 0x49, 0x90, 0x02, 0x79, 0xa3, 0x4e, 0xd1, 0x2a, 0x19, 0x7a, 0x90, 0xe1, 0x70,
  0x91, 0x6b, 0x4b, 0x66, 0x6d, 0x6f, 0x82, 0x5e, 0xda, 0xb1, 0x5b, 0x1d, 0xcc, 0x77, 0x70, 0x03, 0x4c, 0xa3, 0x79, 0x7f,
  0xd4, 0xf0, 0xfa, 0xfa, 0x16, 0x20, 0xf7, 0x6b, 0xe8, 0x4b, 0xaf, 0xcb, 0xe6, 0x09, 0x2e, 0xbf, 0x60, 0x0c, 0x1b, 0x90,
  0x28, 0x60, 0xd2, 0x45, 0xe5, 0x1c, 0x35, 0x11, 0xd4, 0x00, 0xf5, 0x34, 0x0d, 0x48, 0x0f, 0x96, 0x44, 0xf7, 0x33, 0x62,
  0xee, 0x6e, 0x59, 0x46, 0x02, 0xd9, 0xd9, 0xe9, 0x05, 0xb0, 0x69, 0x07, 0xb6, 0x9e, 0xe4, 0x0d, 0x52, 0x12, 0x02, 0x14,
  0xb1, 0xd5, 0x6a, 0xfa, 0x4c, 0x7b, 0x3d, 0x18, 0xf0, 0x39, 0x8a, 0xb8, 0x65, 0x2d, 0x7e, 0xc3, 0xb1, 0xdd, 0x8d, 0x07,
  0xb6, 0xbb, 0x85, 0x0c, 0xdc, 0x6d, 0x2d, 0x6e, 0x14, 0x9a, 0x18, 0x07, 0x83, 0x54, 0x90, 0x12, 0xad, 0x1f, 0x77, 0x03,
  0x75, 0x09, 0xc5, 0xfb, 0xbe, 0x56, 0x24, 0xea, 0x12, 0x85, 0x9b, 0xb0, 0xa4, 0x7a, 0x04, 0x81, 0x03, 0xa3, 0x5a, 0x42,
  0x53, 0xa7, 0x6f, 0xa5, 0xbc, 0x54, 0x2c, 0x92, 0x46, 0x1c, 0xcc, 0x82, 0x38, 0xbf, 0xa8, 0xb3, 0x3e, 0xe6, 0x99, 0x58,
  0x69, 0x1b, 0xd7, 0xb4, 0x9c, 0x12, 0x6b, 0x33, 0xb5, 0xd5, 0x03, 0x71, 0x13, 0xa5, 0xe3, 0x0a, 0xcb, 0x4c, 0xd6, 0x6e,
  0x71, 0x64, 0xe8, 0x4b, 0xd9, 0x16, 0xbe, 0xd6, 0x4d, 0x0b, 0x5f, 0x9b, 0xd7, 0x66, 0x66, 0xd5, 0xe9, 0x4a, 0x41, 0xb2,
  0x11, 0x5c, 0xc0, 0x84, 0x26, 0x45, 0xaa, 0xc4, 0x7f, 0x34, 0xf9, 0x8d, 0x3e, 0x51, 0x72, 0xa8, 0x37, 0x3a, 0xb8, 0xf2,
  0xf0, 0xbf, 0xd6, 0xa7, 0xac, 0xe3, 0x76, 0xe7, 0x6b, 0xd6, 0xa6, 0xb5, 0xbb, 0xdd, 0xee, 0x77, 0x06, 0x3e, 0x7c, 0xb4,
  0x7b, 0x5b, 0xad, 0xc1, 0x26, 0xda, 0xf2, 0xc8, 0x8e, 0xb8, 0x11, 0xf8, 0x5b, 0x25, 0x9d, 0x87, 0xe4, 0x60, 0x45, 0xc7,
  0xad, 0x6d, 0xfb, 0xc1, 0x16, 0x68, 0x78, 0xb8, 0xfb, 0x77, 0xcc, 0x96, 0x58, 0x6e, 0xf3, 0x4a, 0x50, 0x85, 0x32, 0x59,
  0x2c, 0x94, 0x71, 0xaa, 0x5b, 0xaa, 0x43, 0x55, 0x2a, 0x6c, 0x1c, 0x3e, 0x08, 0x92, 0x62, 0x95, 0x73, 0x09, 0x6a, 0x91,
  0xed, 0x82, 0xf8, 0xbe, 0x61, 0xc3, 0xab, 0xd8, 0x97, 0xcc, 0x78, 0xf4, 0x8a, 0xd6, 0x1a, 0x29, 0x24, 0xe6, 0x2d, 0x42,
  0xb4, 0x57, 0x67, 0xc2, 0x49, 0xbb, 0x3f, 0x12, 0xfa, 0x3d, 0xa1, 0x97, 0x21, 0x56, 0x6a, 0x04, 0xad, 0xa6, 0x9a, 0x8a,
  0x95, 0xb3, 0x50, 0xb9, 0x9b, 0xce, 0x6f, 0xa1, 0x5d, 0x99, 0x36, 0x88, 0xb2, 0x75, 0xc2, 0x88, 0xe9, 0x1d, 0x18, 0x11,
  0x5f, 0x2c, 0x8e, 0x5a, 0xf7, 0x8e, 0xbe, 0x68, 0x72, 0xeb, 0x7f, 0x91, 0x9d, 0xa2, 0x84, 0xc5, 0x85, 0x37, 0xae, 0xe0,
  0x0a, 0x86, 0x06, 0x25, 0xd7, 0xca, 0xb5, 0x59, 0x50, 0xd4, 0x8a, 0xa2, 0xaf, 0x53, 0x50, 0x72, 0x36, 0x83, 0xe0, 0x41,
  0xef, 0x41, 0x05, 0x2a, 0x4d, 0x20, 0xc7, 0xf9, 0x98, 0x74, 0x4a, 0xde, 0x12, 0x97, 0xb6, 0xb3, 0x8e, 0xae, 0x22, 0x64,
  0x7f, 0x39, 0xe8, 0x6c, 0x07, 0x4e, 0x0f, 0x3f, 0xfa, 0x7e, 0x7b, 0xc3, 0xcf, 0xb7, 0xe5, 0x85, 0x7e, 0x59, 0x70, 0xdb,
  0x5a, 0x40, 0xc7, 0x26, 0xb2, 0x93, 0x62, 0x24, 0x19, 0xef, 0xc8, 0x7a, 0xa1, 0xb7, 0xf1, 0xa1, 0xe7, 0x1b, 0xcd, 0x1f,
  0xba, 0x30, 0xb7, 0x1a, 0xa1, 0xf1, 0x61, 0x50, 0xe6, 0x30, 0x93, 0x65, 0x2a, 0xa7, 0xc4, 0x38, 0xfc, 0xb7, 0x41, 0xf0,
  0xcd, 0x1d, 0xb7, 0x98, 0x6c, 0xf7, 0x71, 0x30, 0x1c, 0x73, 0xb9, 0x4f, 0x88, 0xe7, 0x62, 0xb3, 0x2a, 0xb0, 0x14, 0x59,
  0x6c, 0xec, 0xf5, 0x82, 0x71, 0x99, 0xab, 0x2c, 0xd3, 0x02, 0xf2, 0x16, 0xd9, 0x15, 0xd9, 0x47, 0xbe, 0xcd, 0x4a, 0x0e,
  0x92, 0xd5, 0x20, 0x5b, 0xc6, 0x9b, 0xf4, 0x7a, 0x16, 0xec, 0xae, 0x91, 0xe1, 0x6b, 0xed, 0xad, 0x6e, 0xee, 0x43, 0x42,
  0xf2, 0xfa, 0x38, 0x97, 0x79, 0x03, 0x87, 0xb0, 0xc3, 0x15, 0x14, 0x6e, 0xa4, 0xcd, 0xe2, 0x39, 0x43, 0x0e, 0x54, 0x79,
  0xbc, 0xb2, 0xe3, 0x80, 0x8d, 0x6c, 0xca, 0xaa, 0x0c, 0x24, 0x1b, 0xcb, 0xad, 0x21, 0x5b, 0x8e, 0x41, 0xe7, 0xa1, 0xb5,
  0xae, 0x5b, 0x0a, 0x2a, 0x77, 0xaf, 0xe5, 0x16, 0x81, 0xed, 0x6d, 0xb7, 0xe7, 0xf6, 0x8c, 0xbb, 0x14, 0x0a, 0xde, 0x62,
  0x97, 0x6a, 0x6f, 0xdb, 0x9b, 0x5b, 0xf8, 0x7f, 0x7e, 0x5e, 0x98, 0xb3, 0xc0, 0xe4, 0x8d, 0x2e, 0xb6, 0x6e, 0x91, 0x31,
  0x6f, 0x67, 0x72, 0x64, 0x97, 0xd8, 0x63, 0x2c, 0x12, 0x89, 0xb2, 0xd2, 0x0b, 0x8d, 0x31, 0x5b, 0x15, 0xb3, 0xd7, 0x1c,
  0x8c, 0xbd, 0x64, 0x04, 0x95, 0x34, 0x83, 0x26, 0x4f, 0x6a, 0x6e, 0x26, 0x15, 0x06, 0x46, 0x59, 0x05, 0xf6, 0x76, 0x9c,
  0x66, 0x79, 0x10, 0xba, 0xea, 0xd8, 0xdc, 0x08, 0xcb, 0x64, 0xd9, 0xd4, 0xe9, 0x3a, 0xa6, 0x4a, 0x1b, 0xbc, 0x92, 0x6e,
  0x51, 0x8d, 0xe6, 0x09, 0xd7, 0xc0, 0x93, 0x95, 0xad, 0x1f, 0xee, 0x20, 0xc6, 0x7f, 0x4d, 0x07, 0x3b, 0x9c, 0x3c, 0x37,
  0x0b, 0xcb, 0x39, 0x6b, 0xa4, 0xc0, 0xb1, 0x8a, 0x27, 0x56, 0x84, 0xdf, 0x1d, 0x77, 0xc7, 0x56, 0x7e, 0x2d, 0xd0, 0xcf,
  0x25, 0x9b, 0xb8, 0x86, 0x4f, 0x59, 0x85, 0xe7, 0x6c, 0xba, 0x60, 0x3d, 0xd8, 0xa8, 0xee, 0xd1, 0xaf, 0x3f, 0x8b, 0xc8,
  0x19, 0xb8, 0xb9, 0x6c, 0x7b, 0x95, 0x71, 0x92, 0x07, 0x9b, 0xba, 0x74, 0xc1, 0x7f, 0xdd, 0x6d, 0x88, 0x2a, 0x15, 0x4c,
  0x7d, 0x2a, 0xbe, 0x74, 0x5d, 0xb7, 0xd3, 0xf2, 0xb2, 0x5d, 0x07, 0x49, 0xaf, 0x64, 0x86, 0x52, 0xf8, 0x69, 0xfa, 0x8e,
  0x96, 0xf6, 0xd9, 0x14, 0x9e, 0x8e, 0xb5, 0xb8, 0x59, 0x83, 0xc6, 0xb3, 0xc5, 0x07, 0x86, 0xcf, 0xd7, 0x96, 0xa6, 0x94,
  0x4b, 0x8d, 0xc7, 0x80, 0x67, 0x51, 0xe5, 0xa1, 0x6a, 0x42, 0x12, 0xc9, 0x0b, 0x75, 0xc5, 0xf9, 0x27, 0x58, 0xf9, 0x03,
  0x9e, 0x8d, 0x5c, 0x85, 0x8d, 0xaa, 0x03, 0x9e, 0x95, 0x75, 0x94, 0xa5, 0x8a, 0x44, 0x4e, 0x31, 0xd1, 0xd9, 0xa4, 0x38,
  0xa8, 0x60, 0xcd, 0x76, 0x8e, 0xef, 0xf8, 0x01, 0x9a, 0x20, 0x92, 0x66, 0x1a, 0xf4, 0x47, 0xd3, 0x90, 0x9f, 0xdf, 0x96,
  0xb7, 0x95, 0xf2, 0x71, 0xe6, 0x52, 0xb2, 0x2d, 0x03, 0x4e, 0xe6, 0x13, 0x80, 0x7c, 0xad, 0x29, 0xe3, 0x6a, 0xcf, 0xd1,
  0x95, 0xb9, 0x24, 0x9a, 0x36, 0x26, 0xd1, 0x34, 0x4c, 0x4b, 0x47, 0x39, 0x5f, 0x3a, 0x0f, 0x9c, 0x6d, 0xb7, 0x95, 0xed,
  0x3d, 0x5c, 0xa2, 0x2b, 0x88, 0x18, 0xf3, 0x10, 0xab, 0x47, 0xb4, 0xfd, 0xdb, 0xec, 0x20, 0x9a, 0xc2, 0x80, 0x7a, 0xb0,
  0x2f, 0xa8, 0xc4, 0xe2, 0xa1, 0x80, 0xc9, 0x2c, 0xb6, 0xa5, 0x9b, 0x5e, 0xb7, 0xb8, 0xb5, 0xee, 0x12, 0x8a, 0x34, 0x7a,
  0x71, 0xe0, 0x7d, 0xc0, 0xad, 0x02, 0xfe, 0x00, 0x37, 0x19, 0x2f, 0x30, 0x78, 0x9d, 0x4c, 0x87, 0xb0, 0x73, 0x26, 0x55,
  0xf6, 0xae, 0x48, 0x64, 0x9b, 0x35, 0xaa, 0xcd, 0x1c, 0x07, 0xdb, 0x58, 0x76, 0xac, 0xff, 0xa9, 0x3c, 0xb2, 0x68, 0x10,
  0xa5, 0x7e, 0x4b, 0x15, 0xa2, 0x71, 0x65, 0x38, 0x8e, 0x4f, 0xbd, 0x5e, 0x83, 0x5b, 0xec, 0x11, 0x5b, 0x22, 0x33, 0x1d,
  0x31, 0x5d, 0xd2, 0x90, 0xbf, 0x54, 0x37, 0xb6, 0x71, 0xb8, 0x4d, 0x8b, 0x60, 0xdb, 0x28, 0x89, 0xac, 0x6c, 0x1e, 0xad,
  0x30, 0x44, 0x16, 0x71, 0x56, 0x1b, 0xfe, 0x12, 0x21, 0x4e, 0x96, 0x6f, 0xaa, 0x2d, 0xff, 0x0e, 0xe6, 0x51, 0x09, 0x2e,
  0xbf, 0xfd, 0xe2, 0x76, 0xbd, 0x55, 0x72, 0x7d, 0x2a, 0xb7, 0x3a, 0xf3, 0xa6, 0x39, 0x8d, 0x59, 0x1c, 0x9b, 0x65, 0x99,
  0x19, 0x4e, 0xc5, 0xbd, 0x45, 0x93, 0x30, 0xbc, 0xd9, 0xcc, 0x8b, 0x69, 0xdd, 0xb3, 0x66, 0xab, 0x4a, 0xcc, 0xd0, 0x0a,
  0xc1, 0x5c, 0xc6, 0xd1, 0x24, 0x77, 0x9a, 0x69, 0x66, 0x35, 0xaf, 0xeb, 0x1b, 0xe4, 0x23, 0x72, 0x53, 0x4d, 0xf5, 0xe7,
  0xf3, 0x10, 0x3d, 0x1b, 0x40, 0xd5, 0x81, 0x46, 0xe6, 0x71, 0xa5, 0xb9, 0x37, 0xe5, 0xe5, 0x56, 0x95, 0x2f, 0xd0, 0x8c,
  0xe4, 0xa5, 0x75, 0x24, 0xc7, 0xc6, 0x20, 0x4c, 0x6d, 0x79, 0xb2, 0x42, 0x47, 0x99, 0xfc, 0x74, 0xc5, 0x32, 0x09, 0x1f,
  0x8a, 0xb2, 0x8b, 0xf2, 0x07, 0xb5, 0xff, 0x1b, 0x88, 0x1e, 0x65, 0x31, 0x5c, 0xb4, 0x7d, 0x67, 0x65, 0x9d, 0x30, 0xd4,
  0x36, 0xb7, 0xd5, 0x15, 0x75, 0xe9, 0x7a, 0x24, 0x3b, 0xef, 0x64, 0xc6, 0x2d, 0xb3, 0x9a, 0xce, 0x75, 0x12, 0x5b, 0xd7,
  0x46, 0x2c, 0xc3, 0x68, 0x35, 0xc7, 0x61, 0x2f, 0xe0, 0x67, 0x62, 0xab, 0x6b, 0xb1, 0x65, 0x28, 0x1f, 0x66, 0x21, 0xaa,
  0xdc, 0xf3, 0xa0, 0x78, 0xda, 0xf2, 0xc0, 0x7c, 0x8a, 0x21, 0xf9, 0xf0, 0x06, 0xa9, 0xbc, 0xa5, 0x73, 0x13, 0x23, 0xee,
  0x8a, 0x87, 0x71, 0x67, 0x1a, 0x6f, 0x7a, 0x7d, 0x09, 0x9a, 0xa7, 0x34, 0x39, 0x2e, 0xf5, 0x11, 0xab, 0x44, 0xb9, 0x39,
  0x89, 0xae, 0x83, 0x69, 0x11, 0xf1, 0x76, 0xc1, 0xc3, 0x47, 0xd4, 0x9a, 0xa3, 0xb3, 0x82, 0xf9, 0xac, 0x66, 0xf9, 0x60,
  0x65, 0x4d, 0xce, 0x00, 0xc7, 0x49, 0x50, 0xe4, 0x5b, 0xd2, 0xb4, 0x52, 0xe5, 0x2d, 0xf0, 0xa3, 0x37, 0x27, 0xa5, 0x5a,
  0x4a, 0x1f, 0x9d, 0xe5, 0xe7, 0x3c, 0x26, 0x0d, 0x5f, 0x17, 0x06, 0x72, 0xbb, 0x83, 0x91, 0x66, 0x79, 0xa3, 0x7e, 0x78,
  0xa1, 0x35, 0xcc, 0x75, 0xd5, 0xec, 0xb0, 0xaf, 0x8a, 0xfc, 0x2a, 0x10, 0xd0, 0x85, 0x18, 0x02, 0x82, 0x22, 0x8c, 0xad,
  0x41, 0x91, 0x22, 0x8d, 0x26, 0x89, 0x71, 0xd3, 0x62, 0x41, 0x94, 0xe1, 0x47, 0x92, 0x37, 0xa5, 0x62, 0x0d, 0x3a, 0x72,
  0xfc, 0x4c, 0x87, 0x8d, 0x0b, 0x1c, 0xb8, 0x8a, 0x1c, 0xa9, 0xb5, 0x10, 0x1d, 0x3a, 0x8b, 0x5c, 0xdd, 0x93, 0xce, 0x29,
  0x19, 0x60, 0xfd, 0x61, 0xd0, 0x00, 0x19, 0x2c, 0x6d, 0xf4, 0x26, 0x49, 0x89, 0x06, 0x49, 0xf5, 0x50, 0x5c, 0xaa, 0xbd,
  0xe4, 0x74, 0xb0, 0xbc, 0x24, 0x3f, 0xe9, 0xbc, 0xb0, 0x12, 0xbd, 0xb2, 0x7b, 0x52, 0xd9, 0xf7, 0xa8, 0x55, 0x84, 0x2b,
  0x6d, 0x26, 0x25, 0x60, 0xa0, 0x92, 0x57, 0x68, 0x95, 0x79, 0x17, 0x9f, 0x12, 0x44, 0xe9, 0x24, 0xa4, 0xe1, 0x39, 0x9c,
  0x25, 0x8d, 0x18, 0xf6, 0x31, 0xbe, 0xfc, 0x8a, 0x02, 0x8a, 0x91, 0xf7, 0xeb, 0xf4, 0xaa, 0x13, 0xa9, 0x5b, 0xf0, 0x08,
  0xc9, 0x40, 0x2b, 0xb9, 0xa4, 0x8c, 0x70, 0x07, 0xcf, 0x98, 0xf8, 0xbf, 0x4e, 0xd3, 0x69, 0xe5, 0x5d, 0x1a, 0x9a, 0xd0,
  0xdb, 0x86, 0xea, 0x6d, 0x41, 0x66, 0x58, 0xd2, 0x79, 0xd7, 0xb8, 0xb3, 0x19, 0x0a, 0x76, 0x74, 0xaf, 0x90, 0xa0, 0xef,
  0xf5, 0xbd, 0xa5, 0xea, 0xb6, 0xa3, 0xc4, 0x3c, 0xe3, 0x79, 0x7b, 0xd9, 0x77, 0xe3, 0xc6, 0xd4, 0xa5, 0xe6, 0x45, 0x98,
  0x84, 0xbd, 0xb1, 0x49, 0xd4, 0xc9, 0x11, 0x12, 0xda, 0xa6, 0x42, 0xe9, 0x93, 0xbb, 0xaa, 0xb5, 0xe2, 0x01, 0xe1, 0x98,
  0xd9, 0x2b, 0xb4, 0x93, 0xe5, 0xc2, 0xf2, 0x5a, 0x26, 0x47, 0x78, 0xd3, 0x69, 0xe0, 0xcd, 0x35, 0x95, 0xef, 0x41, 0xde,
  0xa9, 0xef, 0x81, 0x63, 0xae, 0x20, 0x0e, 0x72, 0xc8, 0xfa, 0x34, 0x96, 0x93, 0x96, 0xa4, 0x71, 0xf4, 0x21, 0x50, 0x2e,
  0x20, 0x2d, 0x53, 0xc5, 0x26, 0x9a, 0xef, 0x1b, 0xaa, 0x59, 0x5e, 0xc5, 0xb4, 0x0a, 0x0d, 0x55, 0x61, 0x3f, 0xa9, 0xaa,
  0x29, 0x96, 0x93, 0xc0, 0x00, 0x0d, 0x77, 0x7d, 0x1c, 0x19, 0xa2, 0xa0, 0x9c, 0x30, 0x18, 0x47, 0x29, 0x29, 0x9d, 0xdb,
  0x68, 0xf3, 0xb6, 0xb4, 0xac, 0x46, 0x04, 0x5a, 0x32, 0xee, 0xd3, 0x9b, 0xdc, 0xb5, 0xbd, 0xb8, 0x18, 0x04, 0x68, 0xdf,
  0x4b, 0x46, 0xd1, 0x60, 0x80, 0x07, 0xae, 0xcd, 0x0d, 0x60, 0xe4, 0x3c, 0x19, 0xbf, 0x4d, 0x28, 0xa3, 0x38, 0xad, 0x06,
  0xc9, 0x70, 0x6e, 0x93, 0x33, 0x54, 0x6a, 0x94, 0xd5, 0xda, 0xc8, 0x6c, 0x3e, 0xd3, 0xfe, 0x08, 0xc9, 0x77, 0x02, 0xdb,
  0xd5, 0x38, 0xa8, 0x6a, 0x04, 0x76, 0x59, 0x60, 0xbc, 0x79, 0x46, 0xc9, 0x99, 0x9f, 0xd6, 0xf4, 0x62, 0x1f, 0x8d, 0x0a,
  0x89, 0xf8, 0x09, 0xec, 0x03, 0x23, 0xd4, 0x80, 0x2b, 0x55, 0x41, 0xbc, 0x34, 0x94, 0x26, 0xb4, 0xa7, 0x78, 0x30, 0xf0,
  0xf1, 0xaf, 0x96, 0x8a, 0x5b, 0x9b, 0x15, 0x52, 0xf1, 0x4d, 0xa1, 0x51, 0x61, 0x56, 0xfa, 0x8d, 0x85, 0xe0, 0x96, 0x60,
  0x08, 0x62, 0x1f, 0xac, 0x72, 0xfd, 0xe1, 0x18, 0xe1, 0xba, 0x33, 0xf9, 0xfe, 0x2c, 0xdb, 0x79, 0x73, 0xab, 0xb7, 0xe7,
  0x25, 0x01, 0xd2, 0xf0, 0x1d, 0x4c, 0x17, 0x4b, 0xac, 0x7b, 0x39, 0xe4, 0x42, 0x1d, 0xbd, 0xbc, 0x67, 0x9a, 0xe8, 0xd9,
  0xb6, 0xce, 0x04, 0xb6, 0x0d, 0x5b, 0x6b, 0xbb, 0xec, 0xfa, 0xfe, 0x60, 0x51, 0x93, 0xbd, 0xa2, 0xcc, 0xd9, 0xea, 0x54,
  0xba, 0xbd, 0xdd, 0x51, 0xc6, 0xcd, 0x28, 0xa1, 0xef, 0x4d, 0x2f, 0xbc, 0xc4, 0xc0, 0x71, 0x73, 0xc7, 0x0e, 0x8a, 0xb7,
  0x75, 0x04, 0x6f, 0xab, 0x52, 0x05, 0x63, 0xaf, 0x7f, 0xfb, 0x4b, 0xc2, 0xd6, 0xd9, 0x93, 0xd3, 0xb3, 0x4a, 0x3d, 0x30,
  0xc6, 0x59, 0x5c, 0xad, 0xe1, 0xbc, 0x31, 0xa8, 0xe7, 0x04, 0x6e, 0xff, 0xd3, 0x48, 0xf3, 0xa6, 0xd8, 0x3e, 0x19, 0xf2,
  0x1b, 0xf2, 0x68, 0xc9, 0x64, 0x2a, 0xbe, 0x2b, 0x1d, 0x91, 0xc8, 0x59, 0xdc, 0x2c, 0x70, 0xcf, 0x17, 0x86, 0xb1, 0x5f,
  0xbf, 0xc6, 0x9d, 0xd2, 0x1a, 0xdf, 0x12, 0xee, 0x2b, 0x77, 0x39, 0xed, 0xfa, 0x7b, 0x2c, 0xfd, 0x45, 0xc3, 0xb0, 0xf8,
  0x58, 0xfe, 0x4e, 0x66, 0x9e, 0x69, 0x04, 0xd9, 0x9c, 0xa1, 0xe5, 0xfb, 0xdf, 0xba, 0x4b, 0xff, 0xf3, 0x4e, 0x49, 0x9b,
  0xd5, 0x72, 0x52, 0xae, 0x60, 0xab, 0x63, 0xdd, 0x5d, 0x2e, 0xe2, 0x16, 0xd6, 0x96, 0xe1, 0x7a, 0x54, 0xa7, 0x34, 0x5e,
  0xdc, 0x27, 0x6a, 0xe5, 0x2b, 0x23, 0x39, 0x7f, 0x47, 0xad, 0x1d, 0xa3, 0x8c, 0x53, 0xd1, 0x94, 0x5c, 0x0e, 0x9f, 0x74,
  0x74, 0x8a, 0x80, 0xe4, 0xf1, 0x8e, 0x91, 0x7b, 0xb4, 0x5b, 0xce, 0xdd, 0x8f, 0x2d, 0xaa, 0x86, 0x6f, 0x81, 0xf0, 0xab,
  0x18, 0x85, 0x09, 0xb9, 0xd5, 0x84, 0x4c, 0x3f, 0x98, 0x5f, 0xd1, 0x81, 0x2d, 0x88, 0x0b, 0x9f, 0x7c, 0x24, 0xb6, 0x59,
  0xe0, 0x95, 0xcd, 0x59, 0x48, 0x1e, 0xd4, 0x4b, 0x99, 0xcd, 0x42, 0xeb, 0x8a, 0x76, 0x00, 0xdf, 0xca, 0x6e, 0x80, 0x55,
  0xb2, 0xe4, 0x7d, 0xdf, 0x9b, 0xa5, 0x64, 0x25, 0x64, 0xb7, 0xbf, 0xf4, 0x51, 0x38, 0xab, 0xe0, 0xcb, 0xff, 0x61, 0x12,
  0xf8, 0xa1, 0xc7, 0xea, 0x9a, 0x47, 0xf2, 0x36, 0x77, 0x69, 0xce, 0x9f, 0x47, 0x67, 0x5e, 0xd2, 0xd5, 0xa3, 0xa0, 0x8f,
  0xe5, 0x22, 0x57, 0x4f, 0xc0, 0x2b, 0x37, 0x4d, 0x37, 0x8b, 0xb0, 0xa1, 0xab, 0x93, 0x25, 0x6c, 0xf4, 0xfb, 0x79, 0x06,
  0xd8, 0x85, 0xb5, 0x48, 0x63, 0xa5, 0xeb, 0xcf, 0x38, 0x5a, 0x20, 0x42, 0x8b, 0x8b, 0xd2, 0xb3, 0x11, 0x10, 0x93, 0xcd,
  0xc6, 0xb5, 0x00, 0x68, 0xed, 0xf6, 0x7f, 0x07, 0x52, 0xf6, 0x6f, 0x7f, 0x19, 0xa0, 0x65, 0xc7, 0xbb, 0x08, 0xfa, 0xea,
  0x22, 0xb4, 0x36, 0x6a, 0xf9, 0x7b, 0x70, 0x39, 0xb2, 0x2f, 0x0c, 0x81, 0x7e, 0x97, 0x23, 0x5f, 0xce, 0x74, 0x6f, 0x43,
  0x99, 0xda, 0x45, 0xd1, 0xa2, 0x55, 0xde, 0x7c, 0x13, 0x4a, 0xf7, 0x26, 0x6f, 0x17, 0xd4, 0x90, 0xfc, 0xdc, 0x15, 0x8e,
  0x4a, 0x8d, 0x02, 0x63, 0xce, 0xe5, 0xbc, 0xe0, 0x67, 0x50, 0x28, 0xa5, 0xf9, 0xdf, 0x66, 0x5e, 0xb1, 0x25, 0x4d, 0xa8,
  0xec, 0x3b, 0xa5, 0xf8, 0x9f, 0x11, 0x5b, 0x65, 0x31, 0x5e, 0xbc, 0x51, 0xb6, 0xec, 0x82, 0xd7, 0xbd, 0x65, 0x86, 0xb4,
  0xc0, 0x0e, 0xd9, 0xee, 0xe4, 0xb5, 0xd2, 0xb2, 0xa6, 0x69, 0x97, 0x99, 0xc2, 0x1d, 0xe8, 0x5f, 0xa9, 0x60, 0xd5, 0xce,
  0xfd, 0xfc, 0xeb, 0xe1, 0xba, 0xb8, 0xcb, 0xfe, 0x70, 0x9d, 0x07, 0x1a, 0x78, 0x88, 0xf7, 0x99, 0xf7, 0xf8, 0xea, 0xa6,
  0xd8, 0x03, 0xa0, 0x2c, 0xf4, 0xc7, 0x5e, 0x92, 0xec, 0xae, 0x65, 0xa4, 0xbf, 0x96, 0xdd, 0x7d, 0x7f, 0x88, 0xa6, 0x38,
  0x51, 0x80, 0xd3, 0xa5, 0x96, 0xc9, 0x2f, 0xcb, 0x5f, 0x0c, 0x19, 0xc6, 0x24, 0x78, 0x1c, 0x5d, 0xed, 0xae, 0xd1, 0x85,
  0xa8, 0x2d, 0xf8, 0xff, 0x1a, 0x43, 0xe9, 0xb1, 0xc1, 0x2d, 0x7c, 0xbb, 0x6b, 0x69, 0x5c, 0xaa, 0xc8, 0xa1, 0x07, 0x83,
  0x64, 0xef, 0x21, 0xf7, 0xf2, 0x78, 0x22, 0x9c, 0x3c, 0x58, 0xe8, 0xef, 0xae, 0x0d, 0x1b, 0xe3, 0x68, 0x18, 0xad, 0xb1,
  0x2b, 0x17, 0x80, 0xae, 0xb1, 0x6b, 0xfe, 0xe7, 0xaa, 0xb5, 0xbb, 0xe6, 0xc2, 0x2f, 0xfa, 0xb3, 0xf7, 0x30, 0x01, 0x06,
  0xce, 0xb8, 0x2a, 0x48, 0xd9, 0xf8, 0x9b, 0xfb, 0xc5, 0xec, 0xae, 0x89, 0x4b, 0xee, 0x6b, 0xeb, 0x85, 0x62, 0x6e, 0xa1,
  0x18, 0xbf, 0xfa, 0x8e, 0xc5, 0xd6, 0xf3, 0x68, 0x40, 0x02, 0x61, 0x57, 0x46, 0x1a, 0x1d, 0x0f, 0x19, 0x74, 0x76, 0x13,
  0x30, 0x01, 0x80, 0xad, 0x35, 0xbe, 0xaa, 0x76, 0xd7, 0xda, 0x90, 0xc2, 0x49, 0x70, 0x77, 0xad, 0xb5, 0xb1, 0xc6, 0x62,
  0x28, 0x04, 0x23, 0x81, 0x0a, 0xe0, 0xee, 0xda, 0x3c, 0x1e, 0xd7, 0xbf, 0xe4, 0xdd, 0xb2, 0xa0, 0xb9, 0x32, 0x58, 0xa1,
  0xd0, 0xf7, 0xa1, 0x92, 0xfb, 0x60, 0x8d, 0xf5, 0xaf, 0x05, 0x90, 0xdd, 0xb5, 0x0d, 0x09, 0x43, 0x86, 0x66, 0x00, 0x6c,
  0xb5, 0xd2, 0x6d, 0x77, 0x59, 0xe9, 0xea, 0x3e, 0xb4, 0x5a, 0xd4, 0x89, 0x0d, 0xd5, 0x87, 0x8d, 0xac, 0x0b, 0x5b, 0xbc,
  0x07, 0x2d, 0x05, 0x4f, 0x8d, 0x55, 0x35, 0xbc, 0x6d, 0x02, 0x87, 0x03, 0x21, 0xe0, 0x6d, 0x65, 0xf0, 0x1e, 0x08, 0x78,
  0xcd, 0x8e, 0x82, 0xc8, 0x43, 0x17, 0x60, 0x7f, 0x24, 0x00, 0xec, 0xcc, 0x27, 0x41, 0xc8, 0x53, 0xe5, 0x3a, 0x90, 0x65,
  0x21, 0x09, 0x28, 0x79, 0xef, 0xe1, 0xc8, 0x35, 0x84, 0xb2, 0x80, 0xc5, 0xe1, 0x02, 0x99, 0x20, 0xd7, 0xdb, 0xfb, 0xe1,
  0x78, 0xff, 0x84, 0x51, 0x3c, 0x89, 0xc6, 0x59, 0x9b, 0xfd, 0xfb, 0xff, 0xc9, 0xb8, 0xdb, 0x2a, 0x7c, 0xa0, 0x0e, 0x02,
  0x7f, 0x30, 0xec, 0x04, 0x80, 0xa7, 0xc2, 0x40, 0x22, 0x00, 0x34, 0x5b, 0x2c, 0x85, 0x9f, 0xda, 0xda, 0x51, 0x57, 0x76,
  0xd7, 0xca, 0x58, 0x15, 0xcb, 0x20, 0x65, 0xcf, 0xbc, 0xa9, 0x4c, 0xce, 0xee, 0x27, 0xae, 0xd1, 0xd2, 0x80, 0x8f, 0x46,
  0x90, 0xcc, 0xda, 0x2d, 0x28, 0xb7, 0x8e, 0x05, 0xf7, 0x78, 0xd7, 0x7a, 0xbc, 0x67, 0x0f, 0xd7, 0x7b, 0xa2, 0x2f, 0x54,
  0x9a, 0x64, 0x30, 0x5e, 0xbe, 0xc1, 0x21, 0xad, 0xed, 0x1d, 0xc2, 0xd6, 0x2d, 0x23, 0x69, 0xe4, 0xbb, 0x52, 0xe8, 0xc1,
  0xaf, 0xc0, 0x70, 0xe2, 0x4d, 0xd1, 0xeb, 0xab, 0x02, 0x53, 0x1e, 0xb0, 0xe3, 0x19, 0x2f, 0x63, 0xc4, 0xb8, 0x50, 0xff,
  0x78, 0x8a, 0x18, 0xcf, 0x83, 0xdf, 0x0a, 0x5d, 0x10, 0xe8, 0x4a, 0x48, 0xc2, 0x84, 0x1b, 0x51, 0x43, 0xe1, 0x6f, 0x1c,
  0x7a, 0x61, 0x12, 0x4d, 0x15, 0x62, 0xbf, 0x19, 0x5e, 0xde, 0x24, 0x80, 0xbd, 0xb2, 0x84, 0x9b, 0x18, 0x3a, 0xf6, 0xf2,
  0xec, 0xb1, 0x19, 0x47, 0x5e, 0x4f, 0x4d, 0xf9, 0x73, 0x10, 0x06, 0x80, 0xd2, 0x53, 0x9a, 0xf3, 0x4f, 0x1c, 0x45, 0x46,
  0x81, 0x5e, 0x76, 0xd7, 0xf6, 0xe1, 0x07, 0x48, 0xd4, 0x41, 0x1a, 0x81, 0xa4, 0x73, 0x7a, 0xc0, 0xfe, 0xf6, 0x2f, 0xff,
  0xca, 0x03, 0xab, 0xac, 0x49, 0xf4, 0x64, 0x55, 0x79, 0x81, 0x75, 0x3a, 0x9f, 0xf0, 0x2e, 0xa1, 0xfd, 0x50, 0x24, 0xae,
  0xed, 0x61, 0x00, 0x99, 0x49, 0x62, 0x44, 0x9f, 0x47, 0x96, 0xc0, 0x28, 0x37, 0x7b, 0xa2, 0xf8, 0x42, 0x94, 0x17, 0x2c,
  0x3c, 0x25, 0x0b, 0x15, 0x17, 0x1e, 0x17, 0x8d, 0xb8, 0xa7, 0x25, 0x8a, 0xd0, 0x1c, 0xc1, 0x70, 0x26, 0x28, 0x8e, 0xc1,
  0x36, 0xdc, 0x0f, 0x46, 0xd1, 0x18, 0x76, 0x48, 0x60, 0xc8, 0x59, 0xa0, 0x18, 0xb1, 0xb3, 0x11, 0x9e, 0x30, 0x16, 0x7e,
  0x1c, 0x24, 0x49, 0xc0, 0x8e, 0x4f, 0x31, 0xf2, 0x83, 0x18, 0x85, 0x7c, 0x43, 0x3c, 0x28, 0x85, 0xda, 0x65, 0xd3, 0x29,
  0xd3, 0x2f, 0x43, 0xf2, 0x66, 0x31, 0x45, 0x2c, 0x49, 0x49, 0xf1, 0x67, 0x81, 0x0c, 0x77, 0x13, 0xc4, 0x30, 0x46, 0x04,
  0xc4, 0xd8, 0x63, 0xbe, 0xb5, 0x07, 0xb1, 0xdc, 0xd5, 0x01, 0xac, 0x6a, 0x8d, 0x0b, 0x68, 0xfa, 0x7e, 0x8e, 0x01, 0x7a,
  0x76, 0x4d, 0xff, 0xb0, 0xd3, 0xe3, 0xa7, 0x27, 0xe7, 0xfb, 0x4f, 0x8e, 0x2a, 0xb2, 0x65, 0x74, 0x1c, 0xbe, 0xe9, 0x8b,
  0x03, 0x32, 0x39, 0xc8, 0x24, 0xd5, 0x49, 0xa9, 0x7c, 0x01, 0x8b, 0xd3, 0x2e, 0xe7, 0x01, 0xb1, 0x8c, 0x5a, 0x7b, 0xf2,
  0x52, 0x17, 0x74, 0xa2, 0x95, 0x5f, 0x0d, 0x74, 0x28, 0xc3, 0x47, 0x87, 0x00, 0x0b, 0xeb, 0xca, 0x9a, 0xe0, 0xdf, 0x53,
  0x6c, 0x5d, 0x63, 0x62, 0xb4, 0x38, 0xf8, 0xa0, 0x54, 0xb6, 0x9e, 0xbb, 0xdb, 0x65, 0x14, 0x47, 0xb2, 0xb2, 0xaa, 0x18,
  0x61, 0x90, 0xfd, 0x8a, 0x23, 0x5c, 0x02, 0x18, 0xe9, 0x25, 0xec, 0x93, 0x1e, 0x94, 0xa7, 0x87, 0xdf, 0x49, 0xc9, 0xf5,
  0x22, 0x8c, 0xd3, 0x39, 0x68, 0xbf, 0xa0, 0xe3, 0x8d, 0x43, 0xa0, 0x90, 0x18, 0xb4, 0x09, 0x58, 0x2e, 0xbc, 0x2b, 0xb1,
  0xa1, 0x71, 0x3e, 0xae, 0xda, 0x00, 0x14, 0x6e, 0xc0, 0xa0, 0xdc, 0x72, 0x8d, 0x6d, 0xa3, 0xd6, 0x8a, 0xba, 0x20, 0x9d,
  0xd6, 0xa3, 0x53, 0x57, 0x66, 0x5b, 0x57, 0x7e, 0x16, 0x3f, 0x90, 0x4f, 0x97, 0xb5, 0xb6, 0xb7, 0xff, 0x4a, 0x8c, 0xcd,
  0xa7, 0xb7, 0x27, 0x0c, 0x9a, 0xab, 0x37, 0xf9, 0x62, 0x61, 0x93, 0x86, 0x31, 0x16, 0xf7, 0x6e, 0xf2, 0x43, 0x2d, 0x13,
  0x4d, 0xec, 0xc9, 0xb0, 0xe6, 0x4d, 0xf0, 0xf5, 0x8b, 0x27, 0x8a, 0x7b, 0x9d, 0xce, 0x61, 0x3a, 0x3c, 0xe4, 0x4a, 0x31,
  0x70, 0x42, 0x58, 0x1d, 0x18, 0x89, 0x86, 0xd1, 0x84, 0xfe, 0x34, 0x87, 0x14, 0x90, 0xa4, 0xaf, 0xd8, 0x04, 0x26, 0x69,
  0x1e, 0x27, 0x6b, 0xcb, 0xfb, 0x90, 0x5d, 0x10, 0x59, 0xd3, 0x18, 0x5f, 0x8e, 0xe1, 0xcd, 0x2e, 0xe3, 0xc6, 0x70, 0x6d,
  0xcf, 0x21, 0x4e, 0x57, 0xaa, 0x8a, 0xaa, 0xcb, 0x9a, 0x21, 0x1d, 0x6a, 0x0a, 0xde, 0x40, 0x3f, 0x87, 0x6b, 0x39, 0xd6,
  0xf7, 0x02, 0x6f, 0xa4, 0x3c, 0xa9, 0x18, 0x83, 0x4f, 0xc4, 0xd1, 0xff, 0xb5, 0x38, 0xfa, 0x06, 0x1c, 0x0f, 0x57, 0x9f,
  0x3e, 0x53, 0xd2, 0x4c, 0x36, 0x88, 0x97, 0x1f, 0xd6, 0xf6, 0x9e, 0x88, 0xb5, 0x04, 0x92, 0xaf, 0xd2, 0x11, 0x41, 0x26,
  0x7b, 0xf8, 0xa1, 0xe7, 0xef, 0xfd, 0xed, 0x5f, 0xfe, 0xa7, 0x87, 0xeb, 0xf8, 0x21, 0x7e, 0xfd, 0xcf, 0xb9, 0x5f, 0xff,
  0x63, 0xee, 0xd7, 0x7f, 0xe2, 0xbf, 0x58, 0x34, 0xe7, 0x75, 0xff, 0x59, 0xcb, 0xfd, 0x27, 0xed, 0xfb, 0x4c, 0xfb, 0x3e,
  0x14, 0x75, 0x64, 0x7b, 0x47, 0x64, 0x48, 0x14, 0x89, 0xbb, 0xc0, 0x05, 0x62, 0x50, 0xf1, 0x1f, 0xae, 0xcf, 0x16, 0x30,
  0x20, 0x71, 0x1d, 0xc0, 0xc4, 0x7a, 0xb8, 0xad, 0x6c, 0x80, 0x3a, 0x49, 0x32, 0x0e, 0x7d, 0x72, 0x97, 0x0f, 0x02, 0x18,
  0xd1, 0x8c, 0x5e, 0x41, 0x25, 0x85, 0xdd, 0x44, 0x70, 0xc9, 0x6c, 0xaf, 0x14, 0xe5, 0x3a, 0x8e, 0x58, 0x76, 0xec, 0x6b,
  0x9a, 0xc4, 0x75, 0xca, 0x35, 0xb4, 0xa4, 0x6f, 0x7c, 0xfc, 0x8a, 0x01, 0x01, 0xcb, 0xb5, 0x8a, 0x1a, 0x30, 0xa9, 0x54,
  0xd0, 0x26, 0xec, 0x7e, 0x0e, 0x7c, 0x91, 0xa2, 0xbb, 0xbb, 0xd6, 0x71, 0xd6, 0x96, 0xcf, 0x5a, 0x69, 0xcb, 0xe3, 0xce,
  0xec, 0xbc, 0xa1, 0xfe, 0x04, 0xc5, 0x12, 0x50, 0xc1, 0x86, 0xe3, 0xa8, 0x07, 0x04, 0x04, 0x0c, 0xe3, 0xc5, 0xed, 0x7f,
  0x7f, 0xce, 0x0e, 0x6b, 0x2f, 0x5f, 0x3c, 0x39, 0x7a, 0x7e, 0x70, 0x94, 0xed, 0x76, 0x95, 0x03, 0xa9, 0x79, 0x98, 0x2f,
  0xe1, 0xe3, 0x59, 0xc9, 0xaa, 0xc5, 0x3c, 0x6a, 0xef, 0x29, 0xae, 0x5d, 0x90, 0x4b, 0x21, 0x6b, 0xe9, 0xe2, 0x52, 0x1e,
  0xc0, 0xf9, 0x05, 0xa2, 0x9c, 0x79, 0xc5, 0xe8, 0xca, 0x9f, 0x8d, 0xd9, 0xe8, 0x3a, 0xc1, 0xc3, 0xbc, 0x8c, 0xbf, 0x66,
  0xb6, 0x46, 0x71, 0x92, 0x4a, 0xe1, 0xd5, 0xac, 0xae, 0x74, 0xa6, 0x6b, 0xb6, 0xd7, 0xaa, 0x25, 0xb5, 0x8c, 0x95, 0x17,
  0x44, 0x28, 0xc5, 0x47, 0x61, 0x04, 0x62, 0x14, 0xb7, 0x9e, 0xeb, 0x3b, 0xa6, 0x92, 0xa7, 0x16, 0x00, 0xdb, 0x7b, 0xcc,
  0xaf, 0x43, 0xee, 0xc0, 0x84, 0x9a, 0x00, 0x4b, 0xae, 0x2d, 0xfa, 0xc1, 0x0d, 0x8c, 0xda, 0x61, 0x30, 0x6c, 0xd5, 0xc1,
  0xf8, 0xf6, 0x3f, 0xf7, 0x47, 0xb8, 0x41, 0x23, 0x45, 0x2e, 0x6d, 0xb1, 0xc4, 0x9a, 0x0a, 0x2d, 0x02, 0x0d, 0x72, 0xb6,
  0xfc, 0x03, 0x73, 0x9a, 0x8e, 0x83, 0x4b, 0xf1, 0x35, 0x7d, 0x55, 0xc2, 0x5e, 0x61, 0x97, 0x58, 0x89, 0x42, 0x34, 0x79,
  0x9b, 0xd5, 0x4f, 0x0f, 0xac, 0xdf, 0x86, 0x36, 0xc4, 0x4e, 0x55, 0x45, 0x18, 0x3c, 0x8c, 0xc9, 0x27, 0x90, 0xc5, 0xde,
  0x19, 0x51, 0xf7, 0xd0, 0x9b, 0xf7, 0x47, 0x18, 0x82, 0x51, 0x48, 0x21, 0xab, 0xd0, 0xc0, 0x41, 0x1c, 0x85, 0x57, 0x58,
  0x45, 0xb1, 0x21, 0x8c, 0xd9, 0xb6, 0x12, 0xf5, 0xb0, 0x75, 0xf6, 0x02, 0xed, 0x72, 0x3b, 0x8a, 0x37, 0xae, 0x3e, 0x49,
  0x66, 0x51, 0x4e, 0x1c, 0xf9, 0x48, 0x61, 0x52, 0x7a, 0x86, 0x9b, 0x58, 0x80, 0x70, 0x16, 0x47, 0x5d, 0x97, 0x57, 0x52,
  0xa5, 0x41, 0xe3, 0x90, 0x99, 0x8b, 0x25, 0x40, 0xcd, 0x91, 0x5c, 0x88, 0x26, 0x98, 0x12, 0xa1, 0x7d, 0xac, 0x8f, 0xfe,
  0xb7, 0x0b, 0x68, 0x6b, 0xef, 0x59, 0xe4, 0x07, 0xd9, 0xc2, 0x99, 0xc0, 0x2f, 0x21, 0xbe, 0x9a, 0x56, 0x8b, 0x08, 0x71,
  0x44, 0x8a, 0xf9, 0x24, 0x62, 0xf5, 0x24, 0x9c, 0xcc, 0xc7, 0xdc, 0xc8, 0x3e, 0x8e, 0xf0, 0x60, 0xd1, 0xe2, 0xeb, 0xc7,
  0xdc, 0xdc, 0x6c, 0xef, 0x34, 0x0e, 0xa3, 0x38, 0xc4, 0xb0, 0x98, 0x7e, 0x00, 0xa3, 0x13, 0x41, 0xe7, 0xa6, 0xf8, 0x25,
  0x07, 0x9e, 0xf9, 0xb5, 0x79, 0x3c, 0x24, 0x4d, 0xec, 0x9b, 0x61, 0xda, 0xcd, 0x73, 0x39, 0x9e, 0xd4, 0xa7, 0xcf, 0xe3,
  0xef, 0x9f, 0x35, 0xd9, 0xcb, 0x69, 0xc0, 0x38, 0xcf, 0xc0, 0x28, 0x9b, 0x20, 0x0c, 0x46, 0x09, 0xc3, 0x70, 0x9e, 0xe3,
  0x08, 0xad, 0xd2, 0x3f, 0x7a, 0xa0, 0x5f, 0x24, 0x0c, 0x0d, 0xa9, 0xde, 0x1c, 0x84, 0xf9, 0x84, 0x75, 0x29, 0xaa, 0xa1,
  0x6a, 0x96, 0x0d, 0x62, 0xef, 0xf6, 0xbf, 0x20, 0x9d, 0xf9, 0x01, 0x12, 0x0d, 0x06, 0x11, 0x04, 0x35, 0xcf, 0xce, 0xc2,
  0x6f, 0x26, 0x35, 0x8e, 0x56, 0xd0, 0xa4, 0xdd, 0xb2, 0x30, 0xed, 0x7c, 0x8e, 0x75, 0x4d, 0x47, 0x28, 0x1b, 0x1a, 0x35,
  0x2c, 0xd0, 0x62, 0x0e, 0x4f, 0x9e, 0x3f, 0xbf, 0xfd, 0xcb, 0xd1, 0xd9, 0xa7, 0x6a, 0x31, 0xc5, 0xdd, 0x6d, 0xea, 0x29,
  0x82, 0x10, 0x0e, 0xf7, 0x26, 0x6a, 0xcb, 0x6f, 0x78, 0xd2, 0xc5, 0x9d, 0xbb, 0x5a, 0xaf, 0x31, 0xdf, 0x4b, 0xbd, 0x06,
  0x24, 0xf2, 0x1c, 0xb9, 0xed, 0xbd, 0x82, 0xd1, 0xf4, 0x6b, 0xc1, 0x34, 0x09, 0x26, 0xb0, 0xb0, 0xcb, 0x2a, 0xde, 0x62,
  0xe0, 0x25, 0xa8, 0x68, 0xc0, 0xe0, 0x16, 0x8b, 0x5f, 0x05, 0xa7, 0x37, 0x01, 0x38, 0x8f, 0x85, 0xa9, 0xfa, 0xd7, 0x02,
  0xe3, 0xfc, 0x8c, 0x04, 0xc1, 0xc4, 0x0c, 0xeb, 0xe1, 0x3a, 0x0c, 0x70, 0x71, 0x9d, 0xe3, 0xec, 0x6a, 0xa7, 0x4a, 0xf9,
  0x81, 0xd2, 0x73, 0xf4, 0xd9, 0x54, 0xcb, 0x17, 0x17, 0x9c, 0x36, 0xce, 0x3a, 0x8a, 0xe4, 0x1d, 0x2f, 0x66, 0x65, 0xf1,
  0xe2, 0xe7, 0x67, 0x05, 0x2b, 0xc8, 0xff, 0x54, 0x50, 0xad, 0x6a, 0xe9, 0x8a, 0x9a, 0xdf, 0x06, 0xf5, 0xf2, 0xc2, 0x03,
  0x1a, 0xa6, 0x3f, 0x4c, 0xc9, 0x72, 0x40, 0xfe, 0xc0, 0xd3, 0x40, 0x70, 0x72, 0xad, 0xa4, 0x3a, 0x5d, 0xc8, 0xa4, 0xf4,
  0x0b, 0x5e, 0x47, 0x74, 0x0d, 0x80, 0xf0, 0xbd, 0xaf, 0x58, 0x93, 0xdc, 0x86, 0xd7, 0xf6, 0x26, 0xeb, 0xc9, 0xf2, 0xfd,
  0x61, 0xd5, 0xae, 0x60, 0xc8, 0xd6, 0xaa, 0xae, 0x1c, 0x86, 0x49, 0x4a, 0x5b, 0x43, 0x0a, 0xba, 0xfc, 0x78, 0xb5, 0xae,
  0xf8, 0xa2, 0xce, 0xb2, 0x3e, 0xdc, 0xfe, 0x15, 0x99, 0xcc, 0xe7, 0xeb, 0x07, 0xed, 0xa1, 0x15, 0xfd, 0x90, 0x64, 0xcf,
  0xea, 0xb0, 0xc5, 0x7e, 0xb0, 0x56, 0xea, 0x87, 0x3c, 0xd5, 0x59, 0xdb, 0x73, 0x5b, 0x8b, 0x3a, 0x72, 0x11, 0x8d, 0xd3,
  0xcf, 0xd8, 0x0d, 0x8c, 0xb1, 0x5b, 0xd5, 0x8d, 0xdb, 0xbf, 0xa4, 0x5e, 0x8a, 0x17, 0x28, 0xd0, 0x2f, 0x67, 0xb8, 0xda,
  0x74, 0x24, 0x51, 0x1f, 0x7a, 0xb0, 0x00, 0xff, 0xaf, 0xcb, 0x39, 0xe4, 0xab, 0x2d, 0x70, 0xa0, 0xed, 0x11, 0x7f, 0x73,
  0x48, 0x7a, 0x47, 0x3f, 0x47, 0x77, 0x31, 0x82, 0x70, 0x55, 0x77, 0xe9, 0x86, 0xd6, 0x84, 0x5f, 0x5d, 0x59, 0xa9, 0xaf,
  0x7d, 0xad, 0x02, 0x27, 0xbf, 0xea, 0x6e, 0xef, 0x8f, 0x58, 0x7f, 0x0e, 0xbb, 0xf1, 0xed, 0x2f, 0x8b, 0x27, 0xcf, 0x24,
  0xaf, 0x94, 0xa4, 0x41, 0xb1, 0xdd, 0x64, 0x8e, 0xbb, 0x1c, 0x27, 0xfd, 0xb7, 0x30, 0x52, 0xbc, 0x8a, 0x42, 0x50, 0x72,
  0x6b, 0x7c, 0xc7, 0xc1, 0x93, 0x87, 0x15, 0x38, 0x51, 0xce, 0xfd, 0x5b, 0x58, 0xd7, 0xc4, 0x01, 0x36, 0x9d, 0x5d, 0x94,
  0xad, 0x6b, 0xca, 0xe5, 0x59, 0xf0, 0x6d, 0x40, 0x44, 0xda, 0xdd, 0x16, 0x5a, 0xd9, 0xc8, 0x54, 0x47, 0xf2, 0xba, 0x41,
  0x98, 0x91, 0xae, 0x05, 0x6b, 0x99, 0xe8, 0xf5, 0xb7, 0x3f, 0xff, 0xdf, 0x15, 0x27, 0x26, 0x4b, 0xd8, 0xaf, 0x84, 0x9f,
  0x77, 0xad, 0x73, 0x2a, 0x06, 0xe3, 0xb3, 0xf1, 0xb3, 0xa7, 0x40, 0x1a, 0xe9, 0xdc, 0x5f, 0xb4, 0x72, 0x38, 0xdb, 0x66,
  0xfc, 0x66, 0x85, 0x3e, 0x7c, 0x20, 0xb7, 0xad, 0xed, 0x35, 0x1a, 0x4b, 0x49, 0xff, 0xf3, 0x21, 0x0b, 0x44, 0xf2, 0xe9,
  0xd8, 0xe2, 0x0a, 0xf8, 0x7b, 0x62, 0x7b, 0xe6, 0xa5, 0x18, 0xdd, 0x34, 0x55, 0x2c, 0xbd, 0x1a, 0x5d, 0x1d, 0xcf, 0x04,
  0x47, 0xb5, 0x7a, 0x95, 0xce, 0xd3, 0x70, 0x1c, 0x26, 0xdc, 0x55, 0x50, 0x38, 0xe4, 0xac, 0xc0, 0x6b, 0x7f, 0xfd, 0x4a,
  0x2e, 0xfa, 0xdd, 0xae, 0xb0, 0x4a, 0x95, 0xaf, 0x24, 0x0c, 0x90, 0x70, 0x5a, 0x24, 0x1e, 0x40, 0x3b, 0xfa, 0x19, 0x1a,
  0x5f, 0x0e, 0xb0, 0x04, 0xb2, 0x50, 0x9e, 0xbd, 0xea, 0x92, 0xa9, 0x00, 0x8c, 0xcc, 0x6e, 0x3e, 0x99, 0x21, 0xba, 0x2b,
  0x02, 0xbe, 0xc3, 0x00, 0x7c, 0x1a, 0x57, 0xe2, 0x6e, 0x9d, 0xea, 0xbc, 0x84, 0xd5, 0x23, 0x3f, 0x9a, 0x00, 0xaf, 0x80,
  0x5d, 0xd4, 0xe2, 0xcc, 0xa5, 0x64, 0x3f, 0xca, 0x4e, 0x49, 0x80, 0x51, 0x06, 0x69, 0x83, 0x9c, 0x2e, 0x81, 0x49, 0xdd,
  0xfe, 0x22, 0xde, 0x39, 0x08, 0x13, 0xed, 0x94, 0x64, 0xd1, 0x88, 0x69, 0x43, 0x43, 0x40, 0x0e, 0xe8, 0x77, 0x26, 0x25,
  0x6a, 0xde, 0xa4, 0xea, 0x04, 0x7a, 0x1b, 0xed, 0x5f, 0xf2, 0x0c, 0x7a, 0x03, 0x9f, 0x46, 0x50, 0x63, 0xb8, 0x9c, 0x93,
  0x95, 0xdc, 0x43, 0x95, 0x71, 0xa3, 0x94, 0xb5, 0x96, 0x31, 0xec, 0x1d, 0x56, 0xc7, 0x8d, 0xc9, 0x26, 0xeb, 0x86, 0xc5,
  0x26, 0xf4, 0xda, 0x42, 0xdf, 0x9b, 0x31, 0xe7, 0xdf, 0xff, 0xeb, 0xaf, 0x98, 0xb7, 0x6a, 0x03, 0x64, 0x95, 0x11, 0x72,
  0x1c, 0xcd, 0x70, 0x8f, 0x25, 0x49, 0x82, 0xc1, 0x2c, 0x41, 0xbf, 0xf9, 0x65, 0xec, 0x90, 0x76, 0x45, 0x90, 0x95, 0x50,
  0xb9, 0xc5, 0xb3, 0xc5, 0x49, 0x64, 0x19, 0xcd, 0x93, 0x1c, 0xc2, 0x8a, 0xd6, 0xc9, 0x55, 0x2c, 0x94, 0x04, 0xb0, 0xda,
  0x42, 0x69, 0xda, 0x1e, 0x56, 0xb5, 0x30, 0x14, 0x34, 0x8f, 0x82, 0xdb, 0xf1, 0x62, 0x75, 0x63, 0x96, 0x94, 0x74, 0x8d,
  0x65, 0xb6, 0xc9, 0x25, 0x3b, 0xb6, 0x5a, 0x21, 0x9f, 0x77, 0xeb, 0x5e, 0x6e, 0x12, 0xfb, 0x3c, 0xda, 0xcf, 0x3f, 0x7a,
  0x8b, 0xfd, 0xff, 0xcf, 0xf6, 0xfa, 0xdf, 0xdc, 0xd6, 0xfa, 0x39, 0xb4, 0x31, 0xa9, 0x20, 0x93, 0x51, 0x63, 0x69, 0x87,
  0xa4, 0x70, 0x8f, 0xc2, 0xb4, 0x50, 0x93, 0xb5, 0xa1, 0x2f, 0xf7, 0xeb, 0xc3, 0x64, 0x7d, 0xf4, 0xf9, 0xfa, 0x21, 0x4c,
  0xf6, 0x15, 0x3d, 0xd9, 0x1f, 0xaf, 0x48, 0xec, 0xf9, 0x6e, 0x78, 0xa2, 0xda, 0xc2, 0x7e, 0x4c, 0x56, 0x51, 0x4b, 0x16,
  0xf5, 0x4b, 0xf3, 0xa5, 0x5f, 0xb0, 0xe0, 0xd1, 0xa0, 0x39, 0x1f, 0x6b, 0x26, 0x4d, 0x89, 0xe4, 0x84, 0xd2, 0xc9, 0x99,
  0x63, 0x81, 0x91, 0x52, 0x81, 0x79, 0x1c, 0xe3, 0x6d, 0x2a, 0xd8, 0xfd, 0xd1, 0x4b, 0xb6, 0x04, 0xac, 0x17, 0x47, 0xfd,
  0xd1, 0xca, 0xc0, 0xd4, 0x89, 0xee, 0x78, 0x8e, 0xbe, 0xe6, 0x8c, 0x9f, 0x0e, 0xd0, 0x03, 0x40, 0x3d, 0xe8, 0x5a, 0x60,
  0xb3, 0x99, 0xc8, 0x91, 0x8e, 0xbc, 0x94, 0x37, 0x8b, 0x61, 0x17, 0xc3, 0xf0, 0xcd, 0xf5, 0x6f, 0xc6, 0x69, 0x97, 0xb5,
  0xd8, 0x2e, 0xeb, 0x45, 0xa8, 0x4c, 0x9f, 0xf2, 0x0c, 0x2c, 0x57, 0xff, 0xfe, 0xf0, 0xe4, 0xd4, 0x2a, 0x23, 0x38, 0xf2,
  0xa3, 0xd9, 0xca, 0x7d, 0x3d, 0x80, 0xed, 0xba, 0x04, 0x01, 0xf6, 0xf0, 0x95, 0x01, 0x7c, 0x1f, 0x60, 0xfc, 0x83, 0x97,
  0xe7, 0x07, 0x06, 0x44, 0x30, 0xeb, 0x0e, 0x98, 0x80, 0xa8, 0x91, 0xde, 0xfe, 0x15, 0xcd, 0xb5, 0x71, 0x70, 0xfb, 0xbf,
  0xcd, 0x13, 0x0e, 0xd1, 0x74, 0x12, 0x2c, 0x5c, 0xdb, 0x3d, 0xf4, 0x3b, 0xc1, 0x3d, 0xc0, 0x59, 0xa5, 0x81, 0x73, 0x1e,
  0x12, 0x02, 0xea, 0x87, 0x68, 0x78, 0x5e, 0x67, 0x18, 0x49, 0x7f, 0x0a, 0xe2, 0xc1, 0x92, 0x86, 0x52, 0xaa, 0x07, 0x8d,
  0x40, 0x95, 0x45, 0x0d, 0xad, 0x40, 0xc7, 0xf2, 0xf2, 0x06, 0x6f, 0x80, 0x7e, 0x91, 0x4d, 0xf4, 0x40, 0x38, 0xd1, 0xfc,
  0xa9, 0x71, 0x11, 0xcd, 0x13, 0x32, 0x69, 0xd3, 0xfe, 0x48, 0xee, 0x18, 0x71, 0xd0, 0x0f, 0x2e, 0x48, 0xd7, 0xd6, 0x88,
  0x04, 0x18, 0x4e, 0x73, 0x15, 0x61, 0x4a, 0xbb, 0xea, 0x50, 0xb5, 0x72, 0x16, 0x08, 0xb2, 0x62, 0xdd, 0x91, 0x7f, 0x8f,
  0xd2, 0xfb, 0x9f, 0x4a, 0x1b, 0x39, 0xfa, 0x26, 0x24, 0x89, 0x17, 0xa2, 0x4d, 0x6d, 0x8e, 0x71, 0xb4, 0xd0, 0xe0, 0xce,
  0x97, 0x07, 0x7c, 0x87, 0x3d, 0x9c, 0xc9, 0x20, 0xd5, 0x33, 0x05, 0xd3, 0x4b, 0xe8, 0xd4, 0x0d, 0x2d, 0x6b, 0xd4, 0x29,
  0xe1, 0xf3, 0x85, 0xdd, 0x02, 0x69, 0x62, 0xa1, 0x7d, 0x98, 0x10, 0xf6, 0x4a, 0xb8, 0x8e, 0xc3, 0x60, 0xda, 0x88, 0x12,
  0x98, 0xb8, 0x51, 0x1c, 0x0c, 0x76, 0xd7, 0xbe, 0x04, 0x64, 0x51, 0x18, 0x04, 0x51, 0xf8, 0x5d, 0x0f, 0x1a, 0x42, 0x9f,
  0x18, 0xf4, 0x7c, 0x99, 0x46, 0x20, 0x96, 0x91, 0x0e, 0x74, 0x32, 0xbf, 0x88, 0x61, 0x48, 0x7d, 0x3c, 0x15, 0x38, 0x81,
  0xb4, 0x33, 0x90, 0x6e, 0x82, 0xf4, 0x99, 0x37, 0x7b, 0xb8, 0xee, 0xdd, 0xad, 0xd9, 0xe1, 0xc4, 0x43, 0xa9, 0xea, 0x53,
  0x1a, 0x7e, 0x12, 0x45, 0x43, 0xe0, 0x57, 0xd0, 0x6a, 0x52, 0xdd, 0x2c, 0x17, 0x42, 0x73, 0xf2, 0x26, 0x0c, 0x70, 0xff,
  0x83, 0x22, 0xa3, 0xfe, 0xe8, 0x83, 0x3c, 0x1a, 0x64, 0xfb, 0x83, 0x41, 0x08, 0xb9, 0x34, 0xac, 0xdc, 0xe1, 0xa9, 0x0e,
  0x14, 0xde, 0x87, 0x41, 0xc7, 0x20, 0x0d, 0xf2, 0xf5, 0x32, 0x62, 0x6c, 0x7d, 0x7c, 0xba, 0xcc, 0xaa, 0x3e, 0x82, 0xaf,
  0xa0, 0xe6, 0x90, 0x22, 0xab, 0xe8, 0xe4, 0xc5, 0xdb, 0x56, 0x56, 0x22, 0xf1, 0x53, 0x10, 0xcb, 0x01, 0x21, 0x91, 0x1b,
  0x61, 0xd4, 0x4c, 0x38, 0x94, 0xdf, 0x58, 0x81, 0xfb, 0x91, 0x9b, 0xa5, 0xee, 0xa2, 0xae, 0xf1, 0xe5, 0xf8, 0x19, 0x54,
  0xb6, 0x27, 0xb3, 0xe4, 0x1f, 0xae, 0xb5, 0x91, 0x0f, 0x28, 0xd7, 0xd9, 0x8e, 0xa6, 0x8c, 0x6c, 0x5e, 0x78, 0xbd, 0xa3,
  0x86, 0x0f, 0xdf, 0xe5, 0x18, 0x49, 0xb3, 0x79, 0x67, 0x07, 0x98, 0x85, 0x2a, 0x89, 0xb2, 0x51, 0xaf, 0xaa, 0x97, 0x90,
  0x8e, 0xf0, 0xab, 0xf5, 0x92, 0xbc, 0x69, 0x9c, 0xb5, 0xcf, 0xac, 0x45, 0x4a, 0x09, 0x8b, 0x3e, 0x48, 0xbf, 0xa0, 0x9c,
  0xae, 0xb2, 0x77, 0xf2, 0xfb, 0x3b, 0x6a, 0x22, 0xd9, 0x75, 0x7e, 0x01, 0x30, 0xfb, 0xbd, 0xf7, 0xb7, 0xff, 0xf5, 0xdf,
  0xfe, 0xdf, 0xff, 0xeb, 0x7f, 0xc0, 0xe7, 0xfa, 0x60, 0xaf, 0x19, 0x16, 0xb2, 0xf9, 0x35, 0x40, 0xdc, 0xd4, 0x23, 0xc5,
  0x00, 0x61, 0xb5, 0x8e, 0x03, 0x12, 0x3f, 0xf0, 0x00, 0x9b, 0x6a, 0xad, 0x84, 0x83, 0x7e, 0x71, 0xa3, 0xd2, 0x73, 0xef,
  0x62, 0xa8, 0x5c, 0x95, 0xe8, 0x76, 0xc6, 0x5a, 0xfe, 0x56, 0x84, 0xdb, 0xa2, 0x7f, 0xf3, 0xde, 0x82, 0x05, 0x4b, 0xfd,
  0x22, 0xbb, 0xa6, 0xf4, 0xf7, 0xe7, 0x4d, 0x68, 0x57, 0xf8, 0xd7, 0xe8, 0x0e, 0xc0, 0xa6, 0xc3, 0xef, 0x00, 0xe0, 0xdf,
  0x98, 0xbc, 0x74, 0xd6, 0x57, 0x06, 0x96, 0x5d, 0xea, 0xe7, 0x63, 0xcc, 0xbf, 0xc9, 0x90, 0x5f, 0x01, 0x5b, 0xbf, 0x8a,
  0xef, 0xc5, 0xb1, 0x87, 0x0e, 0xfb, 0xee, 0x46, 0xd3, 0xdd, 0x5c, 0x2b, 0x5f, 0xd2, 0x47, 0x85, 0x7c, 0x11, 0x2e, 0x74,
  0x41, 0x5f, 0xb4, 0x82, 0x8d, 0x6c, 0x14, 0x91, 0x90, 0x33, 0x09, 0x3a, 0x3e, 0x1a, 0x0f, 0xf0, 0xd7, 0x32, 0x70, 0xd2,
  0x73, 0x19, 0x6f, 0xe4, 0xaf, 0x69, 0xc0, 0xb7, 0x80, 0x09, 0xc8, 0x43, 0x91, 0x6a, 0x38, 0x86, 0xcb, 0x03, 0xff, 0x18,
  0x1b, 0xf5, 0x22, 0xed, 0xe8, 0x3c, 0x98, 0x92, 0xa4, 0x8a, 0xcb, 0xf1, 0x4e, 0x07, 0x55, 0x8d, 0xd6, 0xe7, 0x39, 0xaa,
  0xba, 0x53, 0x4f, 0x94, 0x87, 0x43, 0xc5, 0x09, 0xce, 0x1c, 0xf2, 0xd3, 0x15, 0x0f, 0x6f, 0xa8, 0x2c, 0x9e, 0xdb, 0xb4,
  0xaa, 0xbb, 0xe0, 0x4d, 0x66, 0x24, 0xed, 0x7e, 0xde, 0x5e, 0x2c, 0x3a, 0x74, 0x3b, 0x8b, 0x0e, 0x56, 0x3d, 0x68, 0xa3,
  0x19, 0x58, 0xe1, 0xa8, 0xed, 0x53, 0x4d, 0xd7, 0x4b, 0xad, 0xc4, 0x9f, 0xc5, 0x62, 0xcd, 0xe9, 0xe9, 0xfa, 0xf3, 0x5a,
  0xab, 0x61, 0x74, 0x3e, 0xb3, 0xf9, 0x7b, 0x1e, 0xe3, 0xf3, 0x94, 0x77, 0x33, 0x7d, 0xaf, 0xa4, 0x66, 0xec, 0x9d, 0x7a,
  0x7a, 0x94, 0xba, 0x3e, 0x90, 0x01, 0x2a, 0xc8, 0xf8, 0xd0, 0xac, 0xfc, 0xe6, 0xa2, 0x20, 0x3a, 0xd6, 0xc0, 0x78, 0x0f,
  0xc2, 0xe1, 0x9c, 0x3f, 0x4d, 0xc4, 0xea, 0x28, 0x25, 0x24, 0x01, 0x16, 0xe1, 0x22, 0x3d, 0xdb, 0x3f, 0x3c, 0x60, 0x72,
  0x81, 0xa2, 0xda, 0x39, 0xa7, 0xdd, 0x2a, 0xb9, 0xfd, 0xe5, 0x27, 0xa0, 0x47, 0x94, 0xf6, 0x19, 0x74, 0x22, 0x6b, 0x85,
  0x1c, 0x72, 0x40, 0x7c, 0xf2, 0x42, 0xd0, 0x63, 0x10, 0x0d, 0x79, 0xb3, 0xa3, 0xf9, 0x89, 0x52, 0x05, 0x79, 0x68, 0xac,
  0x2c, 0x52, 0x08, 0x37, 0xb5, 0xbb, 0x09, 0x15, 0xb9, 0xeb, 0x8e, 0x8b, 0x2c, 0x0d, 0x2b, 0xad, 0xd3, 0xb2, 0x88, 0x62,
  0x3a, 0x8b, 0x14, 0x0c, 0x94, 0x1c, 0x91, 0xb9, 0xf3, 0xdb, 0x22, 0xb9, 0xe3, 0xce, 0x96, 0xd0, 0xdf, 0xc2, 0xdc, 0x75,
  0x27, 0x3f, 0x10, 0x9c, 0x08, 0x72, 0x2d, 0xff, 0xb5, 0x6e, 0x20, 0x9f, 0xb5, 0x27, 0xd2, 0x1d, 0xe4, 0x4e, 0x7e, 0x20,
  0x2b, 0xf6, 0x65, 0x45, 0x77, 0x90, 0x05, 0x8b, 0xf9, 0x57, 0x70, 0xc5, 0xbb, 0x30, 0x32, 0x75, 0x92, 0x87, 0xc4, 0xf7,
  0x64, 0x35, 0x7e, 0x76, 0x07, 0xf8, 0x72, 0xd8, 0x3e, 0xa5, 0x89, 0xbb, 0x6f, 0x2c, 0xbf, 0xc5, 0xda, 0x54, 0x22, 0x01,
  0xad, 0x4e, 0x3f, 0x8e, 0xc2, 0xf4, 0x1f, 0xbc, 0x3a, 0x17, 0x0b, 0x29, 0x9f, 0xbc, 0x3e, 0xfd, 0x7f, 0xc4, 0xfa, 0x5c,
  0xdc, 0x97, 0x5f, 0xb1, 0x42, 0xfd, 0xff, 0x36, 0x57, 0xe8, 0xe1, 0x6f, 0xbf, 0x42, 0x0f, 0x7f, 0xcb, 0x15, 0xba, 0xfc,
  0x3a, 0x8d, 0xe6, 0x47, 0xcb, 0x7f, 0xe2, 0x3d, 0x41, 0x79, 0x67, 0x70, 0x10, 0xa1, 0x3f, 0xb8, 0xd2, 0x9b, 0x42, 0xbc,
  0x02, 0x82, 0x9d, 0x40, 0xf3, 0x0d, 0x68, 0x61, 0xe1, 0x74, 0x10, 0x69, 0x96, 0x54, 0x6e, 0xdf, 0x42, 0x53, 0x2a, 0x5e,
  0x86, 0xc6, 0x43, 0xdf, 0x17, 0x27, 0x8f, 0x4f, 0xce, 0xdf, 0x91, 0x5f, 0x31, 0x5a, 0x71, 0xf1, 0x50, 0x98, 0xf4, 0xda,
  0x99, 0xc7, 0x5d, 0x1c, 0x53, 0x3f, 0xa0, 0x4f, 0xb7, 0xd5, 0xb6, 0x6c, 0xf2, 0x25, 0x67, 0xd1, 0xfc, 0x22, 0x06, 0x50,
  0x50, 0x79, 0x94, 0xa6, 0xb3, 0x9d, 0xf5, 0x75, 0xed, 0x8e, 0x25, 0xc2, 0x00, 0x51, 0x86, 0x63, 0x25, 0x71, 0x4c, 0xfa,
  0x71, 0x38, 0xd3, 0x54, 0xb6, 0xf5, 0x75, 0xa3, 0x8f, 0x2f, 0x7b, 0xf2, 0x62, 0xff, 0xf4, 0xfb, 0xe3, 0x7f, 0x7a, 0x79,
  0x74, 0xc6, 0xea, 0xe4, 0x99, 0xdc, 0x0b, 0x7b, 0xe3, 0x30, 0x4a, 0x47, 0xb7, 0x7f, 0xfd, 0x69, 0x1e, 0xd8, 0x18, 0xa9,
  0x81, 0xc6, 0x01, 0x44, 0xa8, 0x51, 0x14, 0x27, 0xca, 0x72, 0x67, 0x19, 0xc1, 0xa9, 0xe6, 0xd0, 0x91, 0x22, 0xc5, 0xd3,
  0xe6, 0x43, 0x2f, 0xf5, 0x4e, 0x31, 0x82, 0x63, 0xc2, 0x76, 0x31, 0xe6, 0x46, 0x17, 0x31, 0x71, 0x1d, 0x06, 0x62, 0x58,
  0x6d, 0x04, 0x93, 0x1e, 0xc5, 0x74, 0x40, 0x0e, 0x42, 0x1e, 0x0f, 0xf4, 0xa8, 0x1b, 0x69, 0x5d, 0xf2, 0x85, 0xb6, 0x32,
  0xa0, 0x38, 0xe0, 0xec, 0x59, 0x38, 0x0d, 0x89, 0x4c, 0x0a, 0xd1, 0x48, 0xa8, 0xc9, 0x78, 0xde, 0x07, 0x90, 0xf5, 0xd0,
  0xb7, 0x79, 0x3c, 0x1d, 0x1b, 0x92, 0xe7, 0x78, 0xd0, 0x61, 0xb3, 0x68, 0x46, 0x38, 0x7c, 0xbc, 0x29, 0x86, 0x31, 0xa1,
  0x27, 0xa3, 0x00, 0x97, 0xa6, 0xa0, 0xc7, 0x5d, 0xe6, 0x47, 0xfd, 0x39, 0x5e, 0x74, 0x6b, 0x0e, 0x83, 0xf4, 0x88, 0xdf,
  0x79, 0x7b, 0x7c, 0x7d, 0xec, 0x03, 0xd8, 0xc2, 0xdb, 0x51, 0x59, 0xd5, 0xf4, 0x0a, 0xea, 0x69, 0x50, 0xb0, 0xea, 0x01,
  0xc6, 0x4e, 0xbb, 0x4a, 0xeb, 0xb5, 0x96, 0x5f, 0xab, 0xac, 0xc8, 0xd1, 0x83, 0xca, 0xe2, 0xab, 0xcb, 0xd3, 0x27, 0xe1,
  0x14, 0xd2, 0x10, 0x67, 0xfc, 0x94, 0x89, 0xde, 0x95, 0x4a, 0xf4, 0xae, 0x2a, 0x20, 0xfa, 0x41, 0x3f, 0x9c, 0x78, 0x38,
  0x7e, 0xa2, 0x68, 0x96, 0xf0, 0xe8, 0x11, 0x6b, 0x55, 0xd5, 0x82, 0x79, 0x82, 0x0a, 0xfb, 0x68, 0x9f, 0xa8, 0xe7, 0xe6,
  0xcd, 0x6a, 0x62, 0xf0, 0x80, 0x3a, 0x81, 0x12, 0xc6, 0x48, 0x04, 0xe4, 0x18, 0x7a, 0xc4, 0x67, 0x5d, 0x84, 0x50, 0xd3,
  0x86, 0xb1, 0x1f, 0x07, 0x5e, 0x1a, 0x88, 0x91, 0xac, 0xd7, 0x60, 0xa5, 0x99, 0xc6, 0x83, 0xd7, 0x6b, 0xd2, 0x2c, 0x3f,
  0x47, 0xd3, 0xee, 0x2e, 0xab, 0xe9, 0x41, 0xd9, 0x6a, 0x95, 0x55, 0x42, 0x20, 0xcf, 0xf8, 0xfb, 0xf3, 0x67, 0x4f, 0xa1,
  0xca, 0xfb, 0x87, 0xdc, 0x64, 0x16, 0x1a, 0x2e, 0x86, 0x7c, 0xf5, 0x51, 0x0c, 0xf2, 0x0d, 0x99, 0x7e, 0xf7, 0xbe, 0xfa,
  0x48, 0x44, 0x72, 0x23, 0xcd, 0x6c, 0x78, 0xa2, 0xd2, 0xdb, 0x7b, 0xdf, 0x5d, 0x44, 0x1e, 0x4d, 0x1e, 0x21, 0xba, 0xce,
  0x9b, 0xae, 0x9a, 0xd6, 0x60, 0xfc, 0xca, 0x13, 0xf3, 0x2a, 0x70, 0x04, 0x2a, 0x8f, 0xaf, 0xcf, 0xe8, 0x25, 0x3d, 0x20,
  0xd0, 0x5a, 0xaf, 0x92, 0x22, 0xbc, 0x43, 0x34, 0x92, 0x63, 0x5c, 0x42, 0x20, 0xa8, 0x78, 0x1e, 0x94, 0x8b, 0x4d, 0x83,
  0x4b, 0xf6, 0x22, 0xc0, 0xf0, 0x29, 0x27, 0x3d, 0xd0, 0x6b, 0x2e, 0x82, 0xb8, 0x5e, 0x87, 0xf5, 0xb8, 0x67, 0xae, 0x6f,
  0x35, 0x23, 0x5e, 0xaa, 0xae, 0xf5, 0xa2, 0xd0, 0x78, 0x3e, 0x62, 0xca, 0x6c, 0x9e, 0x8c, 0xea, 0x17, 0x16, 0x46, 0x4b,
  0x92, 0xa4, 0xd1, 0x14, 0x69, 0x5d, 0x2d, 0x29, 0x19, 0x85, 0x83, 0xb4, 0x2e, 0x93, 0x4a, 0x68, 0x17, 0x80, 0xfa, 0x22,
  0xbb, 0x5e, 0xb9, 0xfc, 0x74, 0x08, 0x03, 0x6f, 0x9c, 0x04, 0x4b, 0xc6, 0xb6, 0x89, 0x8b, 0xeb, 0x80, 0xc7, 0x27, 0x84,
  0x2a, 0xcf, 0xe7, 0x93, 0x1e, 0x80, 0x57, 0xf8, 0xbd, 0xc9, 0x30, 0x1d, 0x07, 0xd3, 0x61, 0x3a, 0x62, 0x0d, 0xe6, 0xbe,
  0xb5, 0x9a, 0x69, 0xf4, 0x5d, 0x78, 0x15, 0xf8, 0xf5, 0xfc, 0x62, 0xa9, 0xa4, 0x66, 0x7f, 0x86, 0xf8, 0x5c, 0x86, 0x53,
  0x3f, 0xba, 0x84, 0xe2, 0x17, 0x61, 0x3f, 0x38, 0x85, 0xfa, 0xe3, 0x17, 0xa8, 0x9d, 0xb2, 0x9f, 0x7f, 0x66, 0xae, 0xcd,
  0x2e, 0x0b, 0x6b, 0xbf, 0x8f, 0xe7, 0x31, 0xe9, 0x1f, 0xd0, 0xb2, 0x6e, 0xb3, 0x91, 0x31, 0xf3, 0x7b, 0x32, 0xb5, 0x97,
  0x1b, 0x0d, 0x07, 0xac, 0x7e, 0xef, 0x12, 0xe1, 0xde, 0x1b, 0x59, 0x2c, 0x0e, 0xd2, 0x79, 0x3c, 0x35, 0x97, 0xd2, 0x61,
  0xf2, 0x48, 0xcd, 0xf7, 0x80, 0x9f, 0x3f, 0xf3, 0xd2, 0x51, 0x93, 0xa8, 0xbd, 0x7e, 0xc9, 0xbe, 0x45, 0xec, 0x2d, 0x04,
  0xa6, 0x17, 0xe6, 0x56, 0xfe, 0x62, 0xe9, 0x91, 0x28, 0x6d, 0x9a, 0x9e, 0xe2, 0x12, 0xe0, 0xcd, 0x19, 0x1b, 0xeb, 0x9a,
  0x9a, 0x32, 0x36, 0x54, 0xee, 0xd5, 0x4d, 0xc5, 0x14, 0xe8, 0xcc, 0x35, 0xc5, 0xa7, 0x0b, 0xd2, 0xab, 0x66, 0x12, 0xa4,
  0xe7, 0xf2, 0x5a, 0x75, 0x1d, 0xc0, 0xd9, 0xcc, 0xa1, 0xff, 0xab, 0x4f, 0x8b, 0x97, 0xeb, 0x8f, 0x03, 0x2f, 0x7e, 0x01,
  0x8b, 0xae, 0xce, 0xf3, 0x2f, 0x61, 0x42, 0x0c, 0x4d, 0xa3, 0xe3, 0x30, 0x67, 0xb9, 0x8a, 0xfb, 0x02, 0x8f, 0x23, 0xac,
  0xe1, 0x1b, 0xeb, 0x36, 0x9b, 0x4d, 0x45, 0x50, 0xb0, 0x2b, 0x73, 0x56, 0xac, 0xb8, 0xb2, 0x2a, 0xec, 0x5d, 0xd5, 0x73,
  0x25, 0xcd, 0x73, 0x87, 0x55, 0x1a, 0xd4, 0xe0, 0x43, 0xe6, 0x06, 0x8d, 0x4d, 0x4b, 0xc0, 0xc3, 0x94, 0xfb, 0xcc, 0xad,
  0xa2, 0xc5, 0x21, 0x14, 0xd9, 0xc0, 0x4e, 0xe2, 0x5f, 0xe8, 0x08, 0x06, 0xde, 0xda, 0x65, 0x9b, 0x18, 0x9e, 0x1b, 0xb9,
  0xfd, 0x66, 0x55, 0xbd, 0x6b, 0xc8, 0xbc, 0x40, 0x06, 0x41, 0x35, 0xee, 0xb3, 0x3a, 0xae, 0x05, 0xfa, 0x6e, 0x60, 0x55,
  0x0b, 0x66, 0xa4, 0xee, 0xc2, 0x77, 0x5d, 0x75, 0x18, 0xd0, 0xb1, 0xb3, 0x1e, 0x41, 0x8a, 0xcd, 0x2e, 0x80, 0x34, 0x08,
  0x67, 0x8b, 0xad, 0x6b, 0x3d, 0xb0, 0x2a, 0x57, 0x0e, 0x76, 0x28, 0xc4, 0x56, 0x87, 0xd8, 0xe4, 0x25, 0x14, 0x1f, 0xc2,
  0xbf, 0x3e, 0xb6, 0x16, 0x22, 0x08, 0xd3, 0xfa, 0xac, 0x5e, 0x86, 0x41, 0x1f, 0xc0, 0x69, 0xcd, 0xc2, 0xc8, 0xe1, 0x2b,
  0xa6, 0xec, 0x11, 0xdb, 0x40, 0xff, 0xbf, 0x5c, 0x06, 0xa6, 0xb6, 0x58, 0xe9, 0xc5, 0x56, 0x82, 0x06, 0x34, 0x81, 0xd1,
  0xa7, 0x70, 0x73, 0xa1, 0xb0, 0x64, 0xc9, 0x75, 0x92, 0x06, 0x93, 0xc6, 0x3c, 0xb4, 0xe9, 0x66, 0x56, 0x03, 0x58, 0x65,
  0x38, 0xa8, 0x71, 0xe2, 0x41, 0x06, 0xb3, 0x8f, 0xb1, 0xe2, 0xb0, 0x34, 0x85, 0x0d, 0xd5, 0x32, 0x1e, 0x8b, 0xa0, 0xa7,
  0x98, 0xc7, 0x83, 0xdd, 0x1a, 0x36, 0x28, 0x20, 0x4f, 0x56, 0x47, 0xe2, 0x82, 0x81, 0xc0, 0xf8, 0xab, 0x20, 0xff, 0xed,
  0xb2, 0x36, 0xfc, 0xbd, 0x7f, 0xbf, 0x6a, 0xa1, 0xf1, 0xfe, 0x5e, 0x28, 0x6a, 0xd0, 0xbb, 0xc6, 0x47, 0xae, 0x0d, 0x42,
  0x21, 0x4e, 0xe9, 0x35, 0x32, 0x64, 0x33, 0x0c, 0x5c, 0x21, 0x74, 0xb6, 0x70, 0x86, 0x9b, 0x20, 0xa1, 0x6f, 0x7c, 0xd4,
  0x54, 0xf4, 0x07, 0xfb, 0xf1, 0x07, 0xb1, 0xa8, 0xdd, 0x6a, 0x90, 0xbd, 0x60, 0x18, 0x4e, 0x4f, 0x81, 0x2a, 0xea, 0x62,
  0x75, 0x4d, 0xa2, 0x8b, 0xe0, 0x3c, 0xaa, 0x0f, 0x11, 0x21, 0x2b, 0x03, 0x05, 0x49, 0x38, 0xdd, 0xbe, 0x96, 0xcc, 0xb1,
  0xa9, 0x2f, 0xc0, 0x17, 0xa5, 0x0c, 0x85, 0xed, 0x97, 0x1d, 0x7f, 0x73, 0x63, 0xdb, 0x11, 0xe8, 0x61, 0xd6, 0x39, 0x4a,
  0x52, 0x17, 0x8a, 0x7b, 0x03, 0x3d, 0xc0, 0x2a, 0x44, 0x82, 0xda, 0xe4, 0xad, 0xac, 0xc2, 0x4d, 0x0a, 0x5d, 0xa8, 0x96,
  0x84, 0x80, 0x44, 0xe2, 0x23, 0xaf, 0x3f, 0xaa, 0xd7, 0x2f, 0x6c, 0x16, 0xd2, 0xde, 0x1a, 0xa2, 0xc0, 0xcb, 0x1c, 0xa0,
  0x2c, 0xad, 0xe3, 0x57, 0xf5, 0x10, 0xb0, 0xc0, 0x79, 0x40, 0x3b, 0xa4, 0xd6, 0x7d, 0x2d, 0xc3, 0x32, 0x13, 0x61, 0x7e,
  0x7a, 0x74, 0x59, 0xb0, 0x3c, 0x25, 0xad, 0x2c, 0xe9, 0x77, 0x51, 0xc8, 0xa9, 0x11, 0x79, 0x69, 0x6d, 0xd9, 0xd8, 0xe6,
  0x30, 0x32, 0xae, 0x37, 0xdc, 0x9f, 0x38, 0x13, 0xe8, 0xe6, 0x4b, 0x3b, 0xa5, 0xac, 0xfe, 0x38, 0x4a, 0x82, 0xaa, 0xa1,
  0x93, 0xab, 0x14, 0x1f, 0x9f, 0xc3, 0x0e, 0x51, 0x05, 0x12, 0xfb, 0x9e, 0xe6, 0x02, 0x85, 0x21, 0x2b, 0xe5, 0x21, 0xdd,
  0x1c, 0x0d, 0x7e, 0x09, 0x9c, 0x00, 0xd4, 0xf4, 0x7c, 0xff, 0x00, 0xcd, 0x20, 0x67, 0x69, 0x34, 0xc3, 0xaa, 0x39, 0x99,
  0xf9, 0x3e, 0xab, 0x75, 0x3a, 0x20, 0x47, 0x99, 0x4b, 0xbb, 0xe5, 0xd2, 0x8e, 0x53, 0xab, 0x18, 0x24, 0x9d, 0xf8, 0x04,
  0xb4, 0x8c, 0xf4, 0x16, 0xf5, 0x37, 0x9e, 0x86, 0x5c, 0xe4, 0x59, 0x2c, 0x76, 0x2c, 0x6f, 0xb5, 0x4c, 0x01, 0xa5, 0xd5,
  0xe6, 0xc5, 0xfd, 0xea, 0x69, 0xbc, 0xae, 0x0b, 0x64, 0xe0, 0xbb, 0x4d, 0xa3, 0xdb, 0x02, 0x76, 0x41, 0x2c, 0xfc, 0xf4,
  0xd8, 0xaa, 0xee, 0x8c, 0x29, 0x00, 0xa4, 0xd8, 0x6d, 0x0a, 0x5e, 0xf6, 0x80, 0x24, 0x4a, 0x9e, 0x4a, 0xff, 0xaa, 0xd7,
  0x8a, 0x25, 0x6a, 0x36, 0xab, 0x49, 0x47, 0x44, 0x71, 0xeb, 0x0e, 0xd8, 0xd7, 0x7a, 0x62, 0x61, 0x86, 0x88, 0x31, 0xa7,
  0xcf, 0x80, 0xd8, 0xde, 0x0b, 0x4e, 0xf7, 0xe5, 0x76, 0x8a, 0x25, 0x10, 0x9c, 0x7e, 0x91, 0x49, 0xde, 0x3a, 0x82, 0xd6,
  0xf6, 0x47, 0xbc, 0xb1, 0xc1, 0xc6, 0x83, 0x56, 0x6f, 0x13, 0x3e, 0x3f, 0x32, 0x25, 0xe3, 0xed, 0xc0, 0x56, 0x71, 0x53,
  0x6a, 0x5e, 0x3f, 0x9a, 0x29, 0x37, 0xad, 0xe7, 0x22, 0x60, 0xfd, 0x24, 0x91, 0xd5, 0x5f, 0xf1, 0xc6, 0x78, 0xa8, 0x37,
  0x6a, 0x6c, 0x82, 0x01, 0x06, 0xb7, 0x49, 0x3e, 0xc0, 0xc8, 0x8a, 0xc0, 0x3d, 0xb8, 0xca, 0x84, 0x11, 0x1e, 0x9b, 0x6d,
  0x43, 0xf3, 0xf2, 0x10, 0xa7, 0xdc, 0xb4, 0xcc, 0xc1, 0x26, 0xce, 0xa2, 0x03, 0x56, 0xff, 0x9a, 0xb7, 0xd6, 0x6a, 0xf9,
  0xed, 0x20, 0xc8, 0x5a, 0x73, 0x64, 0x6b, 0xe8, 0x01, 0x9f, 0x35, 0x87, 0xbf, 0xb4, 0xae, 0x3b, 0x86, 0xb6, 0xf5, 0xf3,
  0x1e, 0xc3, 0xa8, 0x6b, 0xb9, 0x7c, 0xc4, 0xe9, 0x30, 0x11, 0xc6, 0x58, 0x0c, 0x71, 0xaf, 0x37, 0x68, 0x6d, 0x94, 0xe7,
  0xb3, 0x60, 0xcd, 0x35, 0x74, 0x2c, 0x5f, 0x40, 0xa7, 0x9a, 0x8c, 0x5a, 0xc4, 0x98, 0x96, 0xa0, 0x97, 0x6d, 0xb9, 0xe5,
  0x06, 0xca, 0x65, 0x10, 0xa4, 0xba, 0x78, 0x59, 0x9f, 0xf0, 0x26, 0xf8, 0x4b, 0xce, 0xcb, 0x3a, 0x70, 0xb8, 0xac, 0x03,
  0x87, 0xe6, 0x0e, 0x54, 0x0d, 0x4f, 0xd9, 0xd4, 0xb5, 0x42, 0x07, 0x0e, 0x8d, 0x1d, 0xe0, 0xef, 0xde, 0x96, 0x9b, 0x48,
  0xa3, 0x79, 0xf2, 0x34, 0x48, 0xa8, 0x36, 0x0a, 0x86, 0x6f, 0x8a, 0x0b, 0xd5, 0x2e, 0x2d, 0x3a, 0x3b, 0xb7, 0x0e, 0x6c,
  0x45, 0x96, 0x76, 0x8e, 0x48, 0xec, 0xe2, 0xe4, 0xda, 0x86, 0xf9, 0x28, 0x16, 0x3a, 0x34, 0x14, 0x3a, 0x04, 0x8e, 0xa8,
  0xdb, 0xa6, 0x4e, 0xa6, 0x78, 0x48, 0x17, 0x07, 0x42, 0x4b, 0x64, 0x68, 0x13, 0x42, 0x8b, 0xc5, 0x30, 0x8b, 0xe6, 0x2f,
  0xfd, 0xa9, 0x6d, 0xf2, 0x4a, 0xbc, 0x4e, 0x47, 0x13, 0xbc, 0x34, 0xcf, 0xc6, 0x35, 0x1e, 0x5a, 0xb7, 0xa9, 0xc0, 0x0d,
  0xe6, 0xdc, 0x64, 0xc5, 0x7a, 0xd1, 0x1c, 0xc4, 0x7f, 0xae, 0x55, 0x96, 0xd4, 0xce, 0xdc, 0x18, 0xa9, 0xfd, 0xbe, 0x8f,
  0x5b, 0xfd, 0x47, 0x92, 0xd1, 0xfb, 0x9a, 0x42, 0xfa, 0xcd, 0x37, 0xac, 0x2f, 0x75, 0x1a, 0xee, 0xa8, 0x71, 0xea, 0xe1,
  0xa0, 0x90, 0x12, 0x35, 0x9d, 0x8f, 0xc7, 0x16, 0xe4, 0x67, 0x1a, 0x6e, 0x37, 0xb7, 0xd6, 0xf0, 0x9f, 0x38, 0xc0, 0x3e,
  0xa4, 0xfb, 0xf2, 0xd5, 0xb0, 0xef, 0xd0, 0xeb, 0xac, 0xae, 0x23, 0x68, 0x7c, 0x0d, 0x7c, 0xa5, 0x6a, 0x4b, 0x6d, 0x7c,
  0x27, 0xcf, 0x9f, 0x3c, 0x3d, 0x3a, 0x3f, 0x5b, 0x6c, 0xb1, 0x53, 0xa3, 0x96, 0x5c, 0x86, 0x69, 0x7f, 0x74, 0xee, 0xf5,
  0xea, 0xa9, 0xd7, 0x3b, 0xf6, 0x8b, 0xe3, 0xa6, 0x8c, 0x3a, 0x39, 0x83, 0xc6, 0x3e, 0x6c, 0x2c, 0x35, 0xf5, 0x6c, 0x5a,
  0xcd, 0x52, 0x03, 0x1a, 0x8c, 0x71, 0x44, 0x83, 0x31, 0x37, 0xeb, 0x3c, 0x05, 0x3a, 0x00, 0x11, 0x6e, 0x38, 0x1c, 0x07,
  0xf5, 0x1a, 0xbf, 0x5a, 0x0e, 0x84, 0x0c, 0xb9, 0xa1, 0x4f, 0xe2, 0x15, 0x6f, 0xb1, 0x30, 0x76, 0xcb, 0x5a, 0xec, 0xa5,
  0xd3, 0xbb, 0x37, 0x88, 0x1b, 0x28, 0x4c, 0x23, 0x02, 0xa8, 0x6e, 0x79, 0x01, 0x8d, 0xf4, 0xcb, 0x76, 0x96, 0x7c, 0x5d,
  0x52, 0xd1, 0x11, 0x28, 0x81, 0xaf, 0x89, 0x4b, 0x2f, 0x35, 0x4b, 0x19, 0x42, 0xce, 0xc9, 0x3b, 0xef, 0xf4, 0xac, 0xbe,
  0x42, 0x45, 0x5a, 0xbe, 0xc5, 0xba, 0x75, 0x23, 0xc9, 0xdc, 0x6d, 0xb4, 0x30, 0xf0, 0x02, 0xf4, 0x86, 0x9e, 0xdf, 0xf3,
  0xfd, 0xa3, 0x0b, 0xa8, 0x88, 0x43, 0x86, 0x1e, 0xa2, 0xb0, 0x01, 0x8c, 0xc3, 0xfe, 0x07, 0x18, 0x2e, 0x6e, 0x5c, 0xca,
  0xe8, 0x02, 0x4b, 0x6b, 0xe3, 0x97, 0x13, 0x71, 0xab, 0x4c, 0xa7, 0xb5, 0xec, 0xde, 0x2e, 0x34, 0xbf, 0x7a, 0x5b, 0xd9,
  0xc0, 0xad, 0x42, 0xe9, 0xb7, 0x7f, 0x39, 0xdf, 0x3f, 0x67, 0x4f, 0x9e, 0x9e, 0x3c, 0xde, 0x7f, 0xba, 0x8a, 0x81, 0xfa,
  0x2b, 0x54, 0x51, 0x7d, 0x6c, 0x71, 0x25, 0x93, 0x2f, 0x2a, 0x72, 0x14, 0x70, 0xf0, 0xfb, 0x28, 0xa1, 0x0d, 0x13, 0x56,
  0xbe, 0xcd, 0x53, 0x5e, 0xc6, 0x63, 0x95, 0x80, 0x26, 0x7a, 0x69, 0xfe, 0x97, 0xb6, 0x2c, 0x5b, 0xca, 0x8a, 0xc1, 0x8b,
  0x60, 0x06, 0x6d, 0x07, 0x27, 0x1f, 0x9e, 0x21, 0x6b, 0x46, 0x99, 0x16, 0xda, 0xa2, 0x17, 0xea, 0x0e, 0x64, 0xf4, 0xc5,
  0x43, 0x8a, 0x05, 0xc2, 0xf3, 0xf3, 0xad, 0xab, 0x50, 0x8f, 0xa2, 0xb1, 0x6e, 0x41, 0xaa, 0x84, 0x81, 0xa9, 0x5d, 0x26,
  0x35, 0xa0, 0xa0, 0x60, 0x32, 0x4b, 0x78, 0xd0, 0x36, 0x0b, 0x03, 0x77, 0xd5, 0x10, 0x29, 0x48, 0x4f, 0x02, 0xf4, 0x09,
  0x42, 0x26, 0x3a, 0xed, 0x83, 0x3c, 0xce, 0x06, 0x61, 0x3c, 0xb9, 0x04, 0x5e, 0x66, 0xe5, 0x9a, 0xb9, 0x4c, 0xce, 0xa2,
  0xfe, 0x87, 0x20, 0xeb, 0xe3, 0x65, 0x72, 0x84, 0xbe, 0xbe, 0x02, 0xe3, 0xcb, 0x44, 0x78, 0x4d, 0x9f, 0x87, 0x13, 0xa2,
  0x7f, 0x42, 0x25, 0x07, 0xa1, 0x3f, 0xf1, 0x8f, 0xa6, 0x28, 0x31, 0x24, 0xd9, 0x08, 0xa4, 0x01, 0x0e, 0x2c, 0xde, 0x5c,
  0x5c, 0x90, 0x65, 0x06, 0xc9, 0xa7, 0xeb, 0xfb, 0xf3, 0xf3, 0xd3, 0x77, 0xe7, 0xc7, 0xcf, 0x8e, 0x4e, 0x5e, 0x9e, 0xbf,
  0x7b, 0x06, 0x0c, 0x0d, 0x1f, 0xa2, 0xb1, 0x79, 0xf2, 0xe9, 0xd1, 0x8b, 0xf3, 0xa3, 0x77, 0x4f, 0x8f, 0xf7, 0x8f, 0xcf,
  0x4e, 0x9e, 0xf3, 0xcc, 0x96, 0x83, 0xb9, 0xc7, 0xcf, 0xcf, 0x8f, 0x5e, 0xbc, 0xda, 0x7f, 0xfa, 0xf4, 0xe8, 0xdd, 0xf9,
  0xd1, 0xd3, 0xa3, 0x67, 0x47, 0xe7, 0x2f, 0x8e, 0x8f, 0xde, 0x51, 0x1d, 0x59, 0x2a, 0x8f, 0xba, 0x9c, 0xa8, 0x03, 0xec,
  0xc2, 0x45, 0x74, 0x1d, 0x04, 0x6a, 0x18, 0xca, 0x59, 0xc5, 0x49, 0xe2, 0x88, 0x6a, 0x6d, 0x3e, 0x3e, 0x79, 0x79, 0x00,
  0x7f, 0xa8, 0xa9, 0x8e, 0xd3, 0xcd, 0xe6, 0x29, 0x8b, 0x3c, 0xd3, 0xf7, 0xc6, 0x7d, 0x12, 0x5f, 0x13, 0x40, 0x86, 0x0d,
  0xa2, 0x30, 0x21, 0xc7, 0x18, 0x9c, 0x2a, 0xc8, 0xaf, 0x06, 0x7d, 0xf0, 0xec, 0xf0, 0xdd, 0xfe, 0xc1, 0xf9, 0xf1, 0x2b,
  0x01, 0x9e, 0x8e, 0x57, 0x74, 0xd0, 0x74, 0xad, 0x0d, 0x31, 0xa7, 0xf0, 0x7d, 0xb3, 0xdb, 0x5f, 0x52, 0x92, 0x91, 0x55,
  0x6c, 0x19, 0x20, 0x85, 0x59, 0xc0, 0xbc, 0x59, 0x7c, 0xfb, 0x57, 0x19, 0x79, 0xc6, 0x5a, 0xdc, 0xdc, 0x8b, 0xa3, 0xd3,
  0x93, 0x33, 0xd5, 0x9a, 0x68, 0x4e, 0x06, 0xbe, 0xb1, 0xd1, 0x13, 0x67, 0xcd, 0xb1, 0x9d, 0x35, 0x1d, 0x7f, 0x96, 0xcc,
  0x07, 0x83, 0x30, 0xcd, 0x0d, 0xf1, 0x2c, 0x9c, 0x0e, 0x93, 0xa3, 0xe9, 0xbe, 0xf0, 0x04, 0x16, 0xf2, 0x8f, 0x37, 0xab,
  0xe3, 0x79, 0x17, 0xe4, 0x21, 0xf3, 0x23, 0xb9, 0x16, 0xdd, 0xfa, 0x87, 0x01, 0x90, 0x5b, 0x7f, 0x2e, 0x06, 0x3a, 0x07,
  0x47, 0x04, 0x6e, 0x3d, 0xc6, 0x37, 0x78, 0x8d, 0x64, 0x28, 0x0a, 0xa0, 0xc8, 0xb1, 0x7f, 0x41, 0xb2, 0x13, 0xc1, 0xd5,
  0x92, 0xcf, 0x81, 0x10, 0xa7, 0xf9, 0x64, 0x8a, 0xe2, 0x54, 0x51, 0x45, 0xe5, 0x65, 0xf5, 0xf2, 0x2d, 0xfe, 0x18, 0x5d,
  0xff, 0xc0, 0x6b, 0xc0, 0xd7, 0x6b, 0xf5, 0xb5, 0x0f, 0x7b, 0xcf, 0x40, 0x19, 0xb6, 0x69, 0xd8, 0x7e, 0x2c, 0x44, 0xbf,
  0xb4, 0x59, 0xc3, 0x6d, 0x36, 0x5d, 0x56, 0x7f, 0x2d, 0x9c, 0xa2, 0xb1, 0xfc, 0x45, 0x10, 0xe3, 0x61, 0x18, 0xa9, 0xc9,
  0x65, 0x29, 0x8f, 0x2e, 0x38, 0xf0, 0xd1, 0x3b, 0x0b, 0xd0, 0x16, 0x9f, 0x1f, 0x1e, 0x71, 0xb2, 0x0e, 0x6d, 0xcf, 0xf1,
  0x28, 0x5b, 0x4a, 0xcb, 0x80, 0x91, 0x21, 0xe7, 0xb0, 0xdc, 0x17, 0x25, 0xb6, 0xa1, 0x7a, 0x15, 0xe8, 0xf5, 0x0d, 0x39,
  0x0b, 0xea, 0x9f, 0x53, 0xa4, 0x13, 0x5e, 0x53, 0x8f, 0x27, 0x91, 0xa5, 0x17, 0xb8, 0x1c, 0x57, 0xb2, 0x4e, 0x51, 0xc7,
  0xda, 0x25, 0xc5, 0x89, 0xce, 0xf1, 0x50, 0xfb, 0x10, 0x69, 0x4e, 0xb3, 0x45, 0x32, 0xaa, 0x2c, 0x52, 0x5c, 0xc3, 0xe8,
  0x44, 0xfd, 0x98, 0xc8, 0xb4, 0x76, 0xf2, 0xfb, 0x5a, 0x71, 0x79, 0x9e, 0x1d, 0xbd, 0x3c, 0x7e, 0xfa, 0xee, 0xec, 0xe4,
  0xe5, 0x19, 0xb0, 0x84, 0xe7, 0x67, 0xc7, 0xc0, 0x30, 0x4e, 0xf7, 0x0f, 0x7e, 0x0f, 0xa5, 0xb7, 0x9b, 0x80, 0xa2, 0xc8,
  0x7e, 0xf9, 0xa2, 0x90, 0x09, 0x88, 0x6c, 0x6a, 0xb9, 0xb8, 0x34, 0x20, 0xff, 0xfc, 0x88, 0x10, 0x68, 0x9a, 0xb9, 0xc8,
  0xe9, 0x3c, 0x19, 0x71, 0xf9, 0xe1, 0x59, 0x91, 0x80, 0x33, 0x89, 0x2b, 0xea, 0x73, 0x8e, 0x2f, 0x94, 0x4b, 0x3a, 0x7b,
  0x29, 0x9f, 0x6d, 0xf2, 0x03, 0x52, 0x92, 0xe7, 0xdf, 0xb4, 0xf1, 0xba, 0xb3, 0xf3, 0xd6, 0x86, 0x8f, 0xb6, 0x63, 0x77,
  0xe8, 0xa3, 0xe3, 0xd8, 0x2e, 0x4f, 0xda, 0x74, 0xec, 0x96, 0xf8, 0xea, 0xd8, 0x6d, 0xfe, 0xf5, 0xc0, 0xb1, 0x37, 0xc4,
  0x57, 0xc7, 0xee, 0xf0, 0xaf, 0x2d, 0xc7, 0xde, 0xe4, 0x5f, 0xdb, 0x8e, 0xfd, 0x00, 0xbf, 0x36, 0x10, 0xee, 0x16, 0xff,
  0x72, 0x1d, 0x7b, 0x9b, 0x7f, 0xb5, 0x10, 0xb2, 0xf3, 0xf6, 0x6d, 0x59, 0x50, 0xb9, 0x40, 0x7b, 0x26, 0xc7, 0xeb, 0x8d,
  0xf3, 0x16, 0xfe, 0x2f, 0xcf, 0x2c, 0x8a, 0xb6, 0x57, 0x5e, 0x78, 0x4f, 0x15, 0xe6, 0x7f, 0x84, 0x09, 0xa3, 0xe1, 0xe6,
  0xaa, 0xe6, 0x66, 0x33, 0x6f, 0x45, 0xdd, 0x75, 0xba, 0xe1, 0xc3, 0x42, 0xdd, 0x2e, 0x1a, 0x53, 0x3f, 0xf2, 0x21, 0x7a,
  0x73, 0xe1, 0xda, 0x89, 0xfb, 0x76, 0x57, 0xb4, 0x12, 0x02, 0xfa, 0x17, 0x2d, 0x3b, 0x69, 0x65, 0x29, 0xf7, 0xdd, 0xb7,
  0x5d, 0x8e, 0xcd, 0xde, 0xee, 0x85, 0xfb, 0xcd, 0x37, 0x17, 0x0f, 0x77, 0x2f, 0x5a, 0xaa, 0xe9, 0xc4, 0xbd, 0x5f, 0x4f,
  0x5a, 0x8d, 0xc4, 0xb5, 0xbe, 0xad, 0x5f, 0x34, 0x2e, 0x5c, 0x6b, 0xbd, 0x7e, 0xd1, 0xc2, 0xbf, 0xdd, 0x9b, 0x82, 0x3c,
  0x5f, 0xec, 0xa4, 0xf6, 0x08, 0x88, 0xd0, 0xf3, 0x70, 0xf7, 0x34, 0x6d, 0x04, 0xeb, 0x2e, 0xed, 0x4b, 0x87, 0x47, 0xfb,
  0x87, 0xff, 0x7c, 0xf2, 0xfc, 0x88, 0xa8, 0xd9, 0xed, 0xd8, 0xec, 0x15, 0x90, 0xd2, 0xd9, 0x19, 0x94, 0xd8, 0xff, 0xe1,
  0xdd, 0x8b, 0x93, 0x97, 0x98, 0xd1, 0x6a, 0x42, 0xfa, 0xd1, 0xf3, 0xf3, 0x17, 0xfb, 0x3f, 0x40, 0x3a, 0x95, 0xdc, 0xcc,
  0x93, 0x19, 0x70, 0x8a, 0x1f, 0x76, 0x1d, 0x1b, 0xfe, 0xbc, 0x86, 0x3f, 0x18, 0xdb, 0x18, 0xd8, 0x27, 0x7c, 0x01, 0x67,
  0xc0, 0x3b, 0xdf, 0x6f, 0x3e, 0x5e, 0xed, 0x38, 0xf6, 0xf5, 0x8e, 0x73, 0xf3, 0xb6, 0x2b, 0xf0, 0x42, 0xf0, 0xa7, 0x27,
  0x80, 0x18, 0x10, 0xff, 0x8b, 0xfd, 0x83, 0xa3, 0xdd, 0x0d, 0x62, 0xe4, 0x1a, 0xcd, 0x9e, 0x8b, 0xcd, 0xf8, 0x1a, 0xf7,
  0x62, 0x58, 0xc1, 0x93, 0xd9, 0x2e, 0xe7, 0xac, 0x45, 0x3d, 0x99, 0xae, 0x98, 0x93, 0x56, 0x09, 0xa8, 0x7d, 0x05, 0x7a,
  0xb1, 0x16, 0x15, 0xb3, 0x06, 0xac, 0x5c, 0x14, 0xc0, 0x2b, 0xe8, 0xf9, 0x02, 0x98, 0xa2, 0xab, 0xad, 0x1a, 0x24, 0x83,
  0x6c, 0x48, 0x37, 0x8e, 0x50, 0x6c, 0x47, 0x41, 0x0d, 0xa0, 0x68, 0x91, 0x3c, 0x41, 0x96, 0xcc, 0x9f, 0x02, 0x06, 0x4d,
  0x7e, 0xed, 0xa9, 0x49, 0x7e, 0x39, 0xe5, 0x26, 0xb0, 0xe5, 0xd5, 0x9b, 0xe0, 0x78, 0x2e, 0x6b, 0x62, 0xa9, 0x58, 0xfa,
  0xbb, 0x93, 0xd7, 0x67, 0xe7, 0xc7, 0xc0, 0x43, 0x5e, 0x1d, 0xbf, 0x38, 0x7f, 0x79, 0xf4, 0x94, 0xdd, 0x67, 0x07, 0x4f,
  0xf7, 0x5f, 0x1d, 0x1f, 0xbd, 0x58, 0x45, 0x48, 0x55, 0xfb, 0x04, 0x0d, 0xa1, 0xfc, 0x85, 0xe3, 0x2b, 0xbf, 0x45, 0xe8,
  0xc9, 0x5c, 0xbe, 0x08, 0x38, 0xa9, 0x8f, 0xb2, 0x62, 0x38, 0x9e, 0xb8, 0x9c, 0x25, 0x23, 0x79, 0xbe, 0xe2, 0x1b, 0x50,
  0xfd, 0xca, 0x66, 0xd7, 0x66, 0xd6, 0x43, 0x42, 0x23, 0x4e, 0xa2, 0x04, 0xaf, 0x9f, 0x71, 0xb2, 0x6f, 0x81, 0x2e, 0xdb,
  0x85, 0x73, 0x83, 0x3c, 0x6e, 0x4d, 0x3a, 0x8c, 0x6f, 0xaa, 0x48, 0xc8, 0x78, 0x50, 0xaf, 0x82, 0x21, 0xd7, 0x51, 0x00,
  0xa2, 0x80, 0xc8, 0x30, 0x30, 0x5f, 0x7d, 0xbc, 0x02, 0x78, 0xbc, 0xbd, 0x9b, 0xd9, 0x15, 0xf4, 0x32, 0x9f, 0x7b, 0x9d,
  0xcb, 0xb5, 0xde, 0x9b, 0x74, 0x20, 0xd5, 0xd1, 0x89, 0xf7, 0xa3, 0xec, 0x23, 0xe7, 0xb0, 0xe4, 0xd2, 0x10, 0xcc, 0xe3,
  0x7a, 0x60, 0xee, 0x67, 0xac, 0x77, 0x11, 0xe6, 0xf8, 0x31, 0x9a, 0xd9, 0x61, 0x45, 0x1d, 0x50, 0x6f, 0xe9, 0x1c, 0x11,
  0x30, 0x8a, 0xbd, 0x6b, 0x1a, 0xee, 0x58, 0x9c, 0x84, 0xae, 0xb3, 0x96, 0x9d, 0x0d, 0x11, 0xcf, 0xc5, 0x31, 0xd9, 0x2c,
  0x78, 0x5b, 0xd0, 0x1a, 0x43, 0x41, 0xa5, 0x1e, 0x88, 0xf1, 0xfb, 0x81, 0x35, 0x00, 0x0a, 0x46, 0x8a, 0xc6, 0x0f, 0xac,
  0x88, 0xa7, 0x6b, 0x1c, 0x14, 0xec, 0xb2, 0xd7, 0x7a, 0xd9, 0xd7, 0x54, 0x16, 0x9f, 0xe7, 0x28, 0x15, 0xed, 0x1a, 0xba,
  0x32, 0x95, 0xc7, 0xae, 0xa3, 0xeb, 0x59, 0x94, 0xd6, 0xfd, 0x2b, 0x84, 0x67, 0x71, 0xde, 0x37, 0x65, 0x7b, 0xcc, 0xc5,
  0x03, 0x7e, 0xc0, 0x66, 0x1d, 0xe4, 0x87, 0x2e, 0x36, 0xc5, 0x3f, 0x6e, 0x8a, 0xb3, 0x88, 0xd2, 0x8c, 0x8f, 0x2f, 0x02,
  0x72, 0x71, 0xc6, 0xbf, 0x36, 0x8d, 0xb8, 0x1a, 0xb3, 0xf2, 0xd2, 0x12, 0xef, 0xb7, 0xfa, 0xd1, 0xe5, 0x54, 0x2e, 0xb0,
  0x8f, 0xba, 0x44, 0xc4, 0x9d, 0x05, 0x34, 0xba, 0x92, 0x6a, 0x3b, 0x80, 0xe2, 0x3a, 0xfb, 0x00, 0x6d, 0xfc, 0xaa, 0x00,
  0x1a, 0x5f, 0x38, 0xc8, 0x03, 0x6f, 0x06, 0x5c, 0x38, 0x80, 0x01, 0x12, 0x6d, 0x1c, 0xfb, 0xf4, 0x22, 0x5c, 0xf5, 0x9c,
  0x77, 0x85, 0x4d, 0xe8, 0x40, 0x08, 0xc8, 0x45, 0x53, 0xcd, 0xf2, 0x6e, 0xe0, 0xc1, 0x4f, 0xd6, 0x0d, 0x1c, 0x4b, 0xd9,
  0x15, 0x6b, 0x49, 0xcb, 0x65, 0xf3, 0x2b, 0xbe, 0x4c, 0xae, 0x2f, 0x43, 0x9c, 0x6c, 0xab, 0x34, 0x3e, 0x42, 0x62, 0x94,
  0x72, 0xa5, 0x9a, 0x08, 0xc7, 0x38, 0x68, 0x71, 0x80, 0x18, 0x6a, 0xe3, 0x66, 0xe8, 0x70, 0x86, 0xc7, 0x1b, 0xd9, 0xad,
  0xf9, 0x0c, 0x0d, 0x8a, 0xe2, 0x47, 0x1f, 0x65, 0xb6, 0x31, 0x26, 0x8c, 0x41, 0xcf, 0x55, 0x89, 0x34, 0xd8, 0xb5, 0xb7,
  0x99, 0xa5, 0x85, 0x8e, 0x94, 0xab, 0x87, 0x2c, 0xb8, 0xb0, 0x4b, 0x5d, 0xcc, 0x69, 0xf1, 0x7c, 0x14, 0xce, 0x61, 0x5f,
  0xfc, 0x1e, 0x43, 0x50, 0x42, 0xb7, 0xf7, 0xe3, 0x38, 0xba, 0x7c, 0x39, 0xdb, 0x61, 0x35, 0xef, 0x02, 0xda, 0xff, 0x7d,
  0x70, 0xfd, 0x07, 0xf9, 0x4d, 0x59, 0x87, 0x40, 0x44, 0x98, 0x10, 0xf3, 0xcc, 0x33, 0xf9, 0x4d, 0x99, 0x4f, 0xe9, 0x41,
  0xf6, 0xda, 0x90, 0xe7, 0xed, 0x8b, 0x4f, 0xca, 0x7a, 0xc1, 0x5f, 0x3a, 0xaa, 0xf9, 0x3c, 0xef, 0x90, 0x3e, 0xf5, 0x81,
  0xc8, 0xa1, 0xf2, 0x6e, 0xff, 0x9f, 0x41, 0x99, 0x7c, 0x4d, 0x18, 0xfd, 0x49, 0xb6, 0xff, 0x13, 0xc1, 0x83, 0x3a, 0xc8,
  0xe5, 0x61, 0x49, 0x46, 0xa4, 0xd9, 0x84, 0x69, 0xee, 0x32, 0xf4, 0x3f, 0xfd, 0x81, 0x2a, 0xee, 0x30, 0x64, 0xb2, 0xfd,
  0x7e, 0x30, 0x4b, 0x31, 0x2c, 0x68, 0x92, 0x84, 0x64, 0xcc, 0x84, 0xe5, 0x4f, 0x31, 0x40, 0x39, 0xf8, 0x32, 0xb7, 0xe2,
  0x02, 0xfd, 0x2b, 0x90, 0xf8, 0xf7, 0x29, 0x81, 0x98, 0x94, 0x14, 0x35, 0x04, 0x6e, 0x6f, 0x78, 0xd3, 0x6f, 0xd1, 0xa9,
  0x23, 0x8f, 0x2e, 0xe4, 0x7c, 0x08, 0xae, 0x1f, 0x01, 0x83, 0x78, 0x1a, 0x5d, 0xe2, 0xe2, 0x48, 0x60, 0xb6, 0xdf, 0xea,
  0x0b, 0x5a, 0x38, 0xb1, 0x94, 0x69, 0x1b, 0xea, 0xe5, 0x96, 0x67, 0x49, 0x72, 0x53, 0x5b, 0x5e, 0xea, 0x0d, 0xb9, 0x6b,
  0x16, 0x9a, 0xa6, 0x8e, 0x9f, 0x9f, 0xbe, 0x3c, 0xaf, 0xa1, 0x71, 0x34, 0xcb, 0xbf, 0x9e, 0x89, 0x4c, 0xdc, 0x33, 0x6b,
  0x66, 0x0f, 0x16, 0x0e, 0x91, 0x46, 0x90, 0x8a, 0x9e, 0x61, 0x68, 0xf0, 0x1a, 0xf6, 0x15, 0x56, 0x72, 0x1c, 0x20, 0x6e,
  0x87, 0xc1, 0xc0, 0x9b, 0x8f, 0xc9, 0xbb, 0x28, 0x20, 0x45, 0x3b, 0xde, 0xc7, 0x98, 0xd8, 0x2f, 0x79, 0x60, 0x56, 0x4c,
  0x16, 0x80, 0x0b, 0xfc, 0x8a, 0xcf, 0x23, 0x7a, 0xb2, 0x19, 0x06, 0xb3, 0x8c, 0x85, 0x57, 0xd5, 0x28, 0xb9, 0xe1, 0x08,
  0x05, 0xab, 0x39, 0xf2, 0x12, 0x28, 0x49, 0xfe, 0x50, 0x22, 0x05, 0x59, 0x93, 0x67, 0x5e, 0x5c, 0xfa, 0x81, 0x9a, 0xd6,
  0xe2, 0xa2, 0xb1, 0xa7, 0xc5, 0x27, 0x38, 0xca, 0xe2, 0x0e, 0x64, 0x48, 0x4b, 0x4c, 0x7c, 0x90, 0xd5, 0x60, 0x07, 0xad,
  0x44, 0x66, 0x15, 0x14, 0x7a, 0xe3, 0x79, 0xac, 0x4c, 0x6f, 0x19, 0x68, 0x72, 0x9d, 0xe1, 0x43, 0x9d, 0x5f, 0xc4, 0x92,
  0x6b, 0x2e, 0x95, 0x7b, 0xf6, 0xbf, 0xfb, 0xee, 0xf8, 0xe0, 0x7b, 0x7c, 0x25, 0x63, 0x47, 0xc9, 0x40, 0x67, 0x36, 0x13,
  0x46, 0x1a, 0xf8, 0xa2, 0x57, 0x34, 0x8e, 0x56, 0x34, 0x4c, 0xd3, 0x1b, 0x23, 0x31, 0xf1, 0xd4, 0x3a, 0x6a, 0xcb, 0x26,
  0x69, 0x25, 0x18, 0x0b, 0x49, 0x83, 0xb6, 0x54, 0x10, 0x32, 0xbe, 0xfa, 0xd8, 0x71, 0x40, 0x6e, 0x50, 0xae, 0x2c, 0x0d,
  0xd7, 0xce, 0xdc, 0x7a, 0xe0, 0x1b, 0x44, 0x08, 0xd8, 0xaa, 0xdb, 0x5b, 0x37, 0x5f, 0x17, 0xdc, 0xfe, 0x14, 0x24, 0xdc,
  0x70, 0x57, 0x00, 0x74, 0x6d, 0x02, 0x74, 0xb3, 0x5c, 0xf6, 0x3a, 0x15, 0x11, 0xce, 0x49, 0xf8, 0xb2, 0x19, 0x97, 0xda,
  0xf0, 0x44, 0x8f, 0xe2, 0x0d, 0x4b, 0x33, 0x62, 0x85, 0xb8, 0xe2, 0x47, 0xa9, 0x10, 0xac, 0x4b, 0x11, 0xd3, 0x8b, 0x27,
  0xdd, 0xfa, 0xe8, 0x41, 0x39, 0x31, 0x7c, 0x45, 0x4b, 0x7b, 0x2a, 0x3a, 0x2d, 0xc2, 0x66, 0xa3, 0x13, 0x4a, 0x01, 0x11,
  0xf6, 0x88, 0xd5, 0xdc, 0x1a, 0x4c, 0x68, 0x0d, 0x64, 0xbe, 0x82, 0xc7, 0x8b, 0x12, 0x9c, 0x0b, 0xe1, 0xd4, 0x4b, 0x22,
  0xb4, 0x09, 0xe8, 0xd1, 0x94, 0xf9, 0x21, 0x3d, 0x6c, 0x55, 0xbf, 0x08, 0x3d, 0x15, 0x00, 0xd9, 0xa2, 0xb6, 0xf2, 0xe1,
  0xd8, 0x55, 0x5c, 0x8a, 0xa5, 0xed, 0x4b, 0x21, 0xb8, 0xd0, 0x3e, 0x4f, 0xc6, 0x56, 0xf7, 0x45, 0xcc, 0xe7, 0xbf, 0xfd,
  0xf9, 0x7f, 0x11, 0x51, 0x9f, 0xa9, 0x3d, 0x15, 0x8b, 0x7d, 0xf5, 0x16, 0xf8, 0xc0, 0xd1, 0xa5, 0x8d, 0x5c, 0x0b, 0xfa,
  0x6b, 0xf7, 0x04, 0x5b, 0x8b, 0x76, 0xbb, 0x14, 0xba, 0x88, 0xe1, 0x5e, 0xea, 0xc0, 0xfb, 0x1f, 0x50, 0x50, 0x56, 0xde,
  0x30, 0x2d, 0xeb, 0x86, 0x87, 0x77, 0x07, 0xf9, 0x58, 0x4f, 0x7c, 0x6f, 0xd4, 0x4f, 0x4b, 0xb4, 0xf8, 0x98, 0x9e, 0xfe,
  0xa0, 0x6b, 0x6d, 0xe8, 0xcb, 0x53, 0x3a, 0xf3, 0x79, 0xf3, 0xa6, 0x26, 0xde, 0xd5, 0x40, 0xa1, 0x40, 0xbd, 0xd2, 0x01,
  0x3f, 0x86, 0x6f, 0x6d, 0x26, 0x33, 0x7d, 0x3d, 0x13, 0x7f, 0xf8, 0x6f, 0x33, 0x61, 0xa1, 0xfe, 0x26, 0xf4, 0xa9, 0x19,
  0x9b, 0x85, 0xfe, 0x2b, 0x0f, 0x96, 0xef, 0xc5, 0x5b, 0xab, 0xbc, 0xd9, 0xe8, 0xc7, 0xf2, 0x50, 0x98, 0x88, 0x5b, 0x54,
  0x34, 0x38, 0x61, 0x50, 0x19, 0xc3, 0x41, 0x0f, 0x50, 0xd1, 0x1c, 0xe5, 0x97, 0x0b, 0x74, 0x12, 0xab, 0xac, 0xc7, 0x27,
  0x4c, 0xb9, 0x28, 0xc2, 0x0a, 0xcf, 0xd6, 0x33, 0x2a, 0xe8, 0xf4, 0xcb, 0xeb, 0x25, 0xe4, 0xdd, 0x03, 0x22, 0x7e, 0x89,
  0x45, 0xf0, 0x29, 0xa3, 0xee, 0x14, 0xe7, 0xe7, 0xa2, 0xe0, 0x64, 0x61, 0x2d, 0x30, 0x14, 0x3c, 0x3f, 0x79, 0x76, 0xf6,
  0x8e, 0x73, 0x42, 0x92, 0x82, 0x72, 0x35, 0x6b, 0xde, 0xbc, 0x3f, 0x9f, 0xd6, 0x76, 0x60, 0x94, 0x6f, 0xff, 0xcc, 0xc6,
  0x40, 0xa6, 0x3c, 0x1c, 0x38, 0x1f, 0x6b, 0x3d, 0x84, 0x68, 0x96, 0x92, 0x3d, 0x4b, 0x5f, 0x7b, 0x6b, 0xe7, 0xa1, 0x89,
  0x85, 0x47, 0xf0, 0xe8, 0x35, 0x21, 0x0c, 0x52, 0x94, 0x8b, 0x70, 0xce, 0x0f, 0x96, 0x07, 0x03, 0xfc, 0xcb, 0x7d, 0xc6,
  0xb6, 0x5b, 0xb6, 0xdb, 0x6e, 0xd9, 0xad, 0x0e, 0x3e, 0x52, 0xdc, 0xee, 0x94, 0x81, 0x86, 0xa3, 0x49, 0x1e, 0xa0, 0x8a,
  0x8f, 0x5e, 0x02, 0x96, 0x7b, 0xc5, 0xd7, 0x04, 0x4b, 0x51, 0x3e, 0xc5, 0x72, 0xcf, 0x83, 0x55, 0x8a, 0xb0, 0x0c, 0xf5,
  0x56, 0x02, 0xdf, 0xea, 0xb8, 0xb6, 0xbb, 0xed, 0xda, 0xed, 0xcd, 0x0a, 0xf0, 0xf4, 0xb2, 0x46, 0x43, 0xae, 0x74, 0x84,
  0x2e, 0xdf, 0xd3, 0x80, 0x91, 0x15, 0x2f, 0x6a, 0x94, 0xa1, 0x6e, 0x6c, 0xd9, 0x2e, 0x3e, 0xd4, 0x0c, 0xff, 0x82, 0x52,
  0x97, 0x83, 0x7a, 0xb3, 0x40, 0xbd, 0xe6, 0x88, 0xd7, 0xf9, 0xfb, 0x01, 0x66, 0x06, 0xfe, 0x86, 0xae, 0xeb, 0x6b, 0xb7,
  0x14, 0x30, 0x56, 0xc1, 0x5b, 0xf4, 0x66, 0xd6, 0x88, 0xe2, 0x0d, 0x87, 0x40, 0x32, 0xdf, 0x9b, 0x9a, 0x21, 0x60, 0xdd,
  0xaa, 0xc4, 0x60, 0x52, 0x13, 0xf1, 0xbc, 0x14, 0x19, 0x8f, 0xfe, 0x6c, 0x14, 0xea, 0x0d, 0xb0, 0xff, 0xe5, 0x49, 0x9a,
  0x30, 0xed, 0x66, 0xfb, 0xa2, 0xe4, 0x74, 0xca, 0x67, 0x49, 0xe5, 0x64, 0x1e, 0xf7, 0xa8, 0xbe, 0x40, 0x87, 0x16, 0x73,
  0x21, 0x50, 0xe8, 0x0e, 0x41, 0x41, 0xc5, 0x3b, 0x1b, 0x68, 0xb6, 0x45, 0xe9, 0x06, 0x57, 0x95, 0x95, 0xbf, 0x09, 0x90,
  0xbd, 0xf7, 0x56, 0x43, 0xa7, 0x48, 0x2c, 0x89, 0xdc, 0x95, 0xe1, 0x2f, 0xfa, 0x01, 0x9c, 0xb5, 0x66, 0x75, 0x17, 0xf2,
  0xb9, 0xa7, 0xfc, 0x1d, 0xba, 0xa4, 0x4e, 0xae, 0xb9, 0x06, 0x39, 0x97, 0xdc, 0xaa, 0x4a, 0x9b, 0x13, 0x1e, 0xf2, 0x43,
  0x67, 0x82, 0x41, 0x38, 0x0d, 0x7c, 0xab, 0x92, 0x63, 0x45, 0xa8, 0xc0, 0xdd, 0xbb, 0x67, 0x84, 0x51, 0x66, 0x1c, 0xa2,
  0xd7, 0xb5, 0xd2, 0xf3, 0x7f, 0x30, 0x75, 0x00, 0x09, 0xba, 0x16, 0x7d, 0xa0, 0xed, 0x02, 0x83, 0x43, 0xc5, 0x26, 0xbf,
  0x35, 0xb5, 0x5b, 0xe4, 0xab, 0x17, 0x59, 0x11, 0x01, 0x7b, 0x7f, 0x90, 0x6d, 0x9e, 0xb0, 0x51, 0x7c, 0xf5, 0x51, 0x78,
  0xcb, 0xeb, 0xc8, 0xbe, 0x00, 0x3d, 0x85, 0x9c, 0xc5, 0x9d, 0x1b, 0xe6, 0x3f, 0x9e, 0xbc, 0x37, 0xec, 0xbb, 0x75, 0x6f,
  0x3c, 0x9e, 0x4f, 0xf0, 0xeb, 0x51, 0x71, 0xef, 0xba, 0x31, 0x0f, 0xa6, 0x37, 0xe3, 0xa6, 0x93, 0x64, 0xf9, 0x28, 0x92,
  0xe5, 0x1f, 0x19, 0x31, 0x09, 0x29, 0xcc, 0x07, 0x1d, 0xb6, 0x8f, 0x07, 0x53, 0xda, 0x75, 0x29, 0x40, 0xe9, 0xab, 0x8f,
  0x79, 0xb8, 0x37, 0xf8, 0x1a, 0x95, 0x17, 0x07, 0xe1, 0xb8, 0x9e, 0x58, 0xef, 0xcd, 0xee, 0xd6, 0x54, 0x03, 0xb8, 0x54,
  0x05, 0x2a, 0x29, 0xbb, 0x0f, 0xad, 0xf2, 0x71, 0x29, 0x14, 0xbd, 0x41, 0x2e, 0x06, 0x2a, 0x08, 0xd3, 0xce, 0x53, 0x4d,
  0xf7, 0x43, 0x10, 0x02, 0xbf, 0x14, 0x91, 0x7a, 0xea, 0xe8, 0xf7, 0x11, 0x07, 0xca, 0x17, 0x2c, 0x57, 0x03, 0xf1, 0x92,
  0xfb, 0xbf, 0xff, 0x1f, 0xb2, 0x1d, 0x28, 0x7c, 0x96, 0x84, 0x3e, 0xec, 0xdd, 0xff, 0x0f, 0xab, 0x8b, 0x8b, 0x5d, 0x59,
  0xd6, 0xf1, 0xec, 0xc6, 0xa2, 0x49, 0x40, 0x20, 0x33, 0x7e, 0x7f, 0x1e, 0x10, 0xc0, 0x3b, 0x66, 0x0c, 0xd7, 0x62, 0x3c,
  0x35, 0x79, 0x1c, 0xab, 0xfe, 0xce, 0x67, 0x69, 0x38, 0x09, 0xaa, 0xfb, 0x2a, 0xa6, 0x52, 0x3e, 0x3c, 0x21, 0x76, 0xbf,
  0xc1, 0x38, 0x8a, 0xe2, 0x1c, 0x80, 0x75, 0xb6, 0xe9, 0x80, 0x78, 0x81, 0xce, 0xc8, 0x02, 0x37, 0x91, 0xf1, 0x35, 0x64,
  0xdc, 0xb0, 0xc4, 0xb8, 0x29, 0xd6, 0xb4, 0xbb, 0x70, 0x25, 0x8a, 0x4c, 0x57, 0xa2, 0x1c, 0xce, 0x90, 0x8a, 0xf8, 0x17,
  0x78, 0xab, 0x56, 0xd2, 0xa0, 0xde, 0xf1, 0xdc, 0xcb, 0x98, 0x1f, 0x5c, 0x55, 0x40, 0xd2, 0x85, 0x1f, 0x7d, 0x55, 0xc8,
  0x7a, 0x7c, 0x49, 0xd8, 0xcc, 0x90, 0x77, 0xc8, 0xf3, 0xac, 0xc5, 0xfc, 0x0d, 0x68, 0x33, 0x8b, 0xe1, 0xc4, 0xe3, 0x62,
  0x79, 0xc3, 0x40, 0xf1, 0xa2, 0xe2, 0x52, 0x58, 0xc4, 0x18, 0x88, 0xc3, 0xad, 0xb8, 0xee, 0x6b, 0xf2, 0x15, 0xd0, 0x02,
  0x91, 0xe8, 0xf0, 0xd1, 0xb1, 0xa2, 0x08, 0x55, 0x7b, 0xb0, 0xb3, 0x12, 0x66, 0x59, 0x6e, 0xd5, 0xde, 0xaa, 0x2c, 0xd7,
  0xe2, 0x6f, 0x57, 0xd6, 0xba, 0xe5, 0x82, 0xf9, 0xad, 0xa4, 0x56, 0xd3, 0xf0, 0x50, 0xae, 0x0e, 0x65, 0x78, 0xb2, 0x7e,
  0x1e, 0x8b, 0x02, 0x69, 0x90, 0x5b, 0x96, 0xb9, 0x44, 0x49, 0xf7, 0xe2, 0x77, 0x43, 0x84, 0x2f, 0x02, 0xfd, 0x31, 0xcf,
  0x69, 0xe5, 0x2d, 0xca, 0xd3, 0xb3, 0x55, 0x2c, 0xf9, 0x47, 0xe7, 0xfb, 0xe7, 0x67, 0xef, 0xa8, 0x70, 0x51, 0xcc, 0xe3,
  0xc1, 0xed, 0x80, 0x5c, 0x40, 0x28, 0x81, 0x0d, 0x90, 0x42, 0x41, 0xc1, 0xd2, 0x3f, 0xcc, 0x45, 0xa4, 0xe3, 0xe1, 0x23,
  0x9b, 0xcd, 0x66, 0x4d, 0x49, 0x0c, 0x3b, 0x26, 0xc1, 0xaa, 0xd5, 0x41, 0x01, 0x80, 0x36, 0xec, 0x9d, 0xcc, 0xcf, 0xd1,
  0x46, 0xfd, 0x0e, 0x7e, 0x5f, 0x7a, 0xf1, 0xb4, 0x66, 0x2f, 0xbc, 0xb1, 0x8b, 0x71, 0x3b, 0xa0, 0xa4, 0x0a, 0xb0, 0x87,
  0x83, 0x86, 0x91, 0x37, 0x90, 0x7d, 0xfd, 0x44, 0x27, 0xc6, 0x32, 0x16, 0x47, 0xfd, 0xf0, 0x81, 0xcd, 0x0e, 0x37, 0xe1,
  0xdf, 0x16, 0xfc, 0xeb, 0x3a, 0x16, 0x06, 0xda, 0xbb, 0xfd, 0x37, 0x59, 0xea, 0x42, 0xba, 0x45, 0x6e, 0x6f, 0xa2, 0x48,
  0xed, 0xba, 0x9d, 0x96, 0xe3, 0x40, 0x07, 0xa0, 0x83, 0x73, 0x3f, 0xb1, 0x50, 0xcb, 0xc3, 0xe1, 0x40, 0x1b, 0x4f, 0x88,
  0x41, 0x3a, 0x80, 0xc9, 0x01, 0x7d, 0xa1, 0x2b, 0x44, 0x93, 0xfd, 0x13, 0x80, 0x20, 0xcf, 0x3f, 0xe1, 0x48, 0x90, 0x70,
  0x4f, 0x82, 0x04, 0xbd, 0x74, 0x6a, 0xec, 0xa6, 0x20, 0xd9, 0x0d, 0xc2, 0x2b, 0x1c, 0x3a, 0xfe, 0x4f, 0x36, 0x80, 0x2a,
  0x44, 0xb0, 0xd7, 0xff, 0x09, 0xd8, 0x5c, 0x50, 0x1e, 0x39, 0x10, 0x6b, 0x5b, 0x2e, 0x88, 0x8d, 0x9d, 0x76, 0x79, 0xe4,
  0x36, 0x83, 0xe0, 0x41, 0xef, 0x81, 0x1a, 0x39, 0xd8, 0x91, 0x57, 0x1a, 0x37, 0xd5, 0x28, 0x85, 0x8f, 0x0c, 0xb2, 0xa9,
  0xc3, 0xce, 0xda, 0xdc, 0x89, 0x67, 0x82, 0x41, 0x35, 0xd1, 0x4d, 0x02, 0x52, 0xe9, 0x62, 0xb0, 0x14, 0x6a, 0x0d, 0x7d,
  0xcb, 0x9e, 0x38, 0x82, 0x2e, 0x66, 0x7d, 0x3b, 0xcb, 0x92, 0x4b, 0xbd, 0xca, 0x4b, 0xed, 0x85, 0x6e, 0xf9, 0x5b, 0xbd,
  0x8d, 0x41, 0xf0, 0xe9, 0xdd, 0x3a, 0x3b, 0x7e, 0xf6, 0xf2, 0xe9, 0xed, 0x5f, 0x8e, 0x24, 0xfe, 0x22, 0x32, 0x39, 0x74,
  0xee, 0x1d, 0x65, 0xed, 0x9f, 0x1f, 0x9f, 0x3c, 0xc7, 0x53, 0x71, 0x1e, 0x5d, 0x90, 0x77, 0x2b, 0x9c, 0x46, 0x56, 0x93,
  0x9d, 0xe3, 0xf5, 0x5e, 0x0a, 0x0a, 0x38, 0xf2, 0x6e, 0xff, 0xcb, 0x34, 0x10, 0xca, 0xc7, 0xdf, 0xfe, 0xe5, 0x3f, 0xf1,
  0x51, 0xc0, 0x0f, 0xda, 0x72, 0xd1, 0xc1, 0x01, 0xfe, 0x03, 0xa4, 0xc0, 0x2f, 0xe6, 0x60, 0x3b, 0x82, 0xfe, 0xcb, 0x03,
  0x04, 0x0a, 0x1f, 0xa7, 0xd0, 0xfc, 0xea, 0x79, 0x11, 0x28, 0xc2, 0x55, 0xe1, 0x7e, 0xcb, 0x43, 0x95, 0x53, 0x1a, 0x0a,
  0x23, 0x25, 0x3c, 0x6c, 0x3f, 0x69, 0xe9, 0x64, 0x53, 0xce, 0xa3, 0xac, 0xa2, 0xbb, 0x55, 0xff, 0xf6, 0x3f, 0xf7, 0xc6,
  0xb0, 0xe9, 0xa2, 0x87, 0x54, 0x34, 0x99, 0xcc, 0x79, 0x78, 0x70, 0xef, 0x22, 0xe8, 0x93, 0x6e, 0xc7, 0x07, 0xa3, 0x2e,
  0xd7, 0x80, 0xa0, 0x9f, 0x04, 0xc6, 0xed, 0x78, 0xcc, 0xc6, 0xf3, 0x10, 0x78, 0xd3, 0x1c, 0xaf, 0x55, 0xa3, 0x45, 0x7e,
  0x8a, 0xbe, 0xd8, 0x18, 0x1b, 0xe7, 0x62, 0x4e, 0x11, 0xc5, 0x87, 0xde, 0x10, 0x05, 0x33, 0x5c, 0xa2, 0x18, 0xad, 0x2c,
  0x04, 0xc1, 0x9e, 0xa2, 0x76, 0x72, 0xef, 0xa2, 0x20, 0x86, 0x31, 0xc8, 0x0c, 0xd5, 0x3b, 0xb0, 0xed, 0xd3, 0x7d, 0xee,
  0x68, 0x8e, 0xbc, 0x09, 0xa3, 0xe5, 0x20, 0xa8, 0x41, 0x30, 0x05, 0xdd, 0x32, 0x26, 0x85, 0x64, 0x32, 0xc3, 0x4b, 0xee,
  0x2e, 0x2e, 0xe6, 0x0e, 0xee, 0xfe, 0x74, 0x2d, 0x1b, 0x44, 0x8f, 0x59, 0x1c, 0x4c, 0xf0, 0xce, 0x03, 0x06, 0x31, 0xc7,
  0x70, 0x66, 0x43, 0xd3, 0x84, 0x80, 0xda, 0x0c, 0xcb, 0x54, 0x2c, 0xc8, 0x6c, 0x42, 0x44, 0x5c, 0xdc, 0xa9, 0xfe, 0xbe,
  0xb2, 0x61, 0x42, 0x72, 0xfa, 0x56, 0x69, 0x46, 0xbc, 0x8e, 0xd7, 0x51, 0x33, 0xc2, 0xa5, 0xe3, 0xbb, 0x71, 0x33, 0x8f,
  0xa1, 0x5b, 0xd1, 0x35, 0x4c, 0x83, 0xb8, 0x6c, 0x9e, 0xac, 0x1a, 0x2e, 0x54, 0x7a, 0xa1, 0x60, 0x1d, 0xa2, 0x6c, 0x19,
  0x11, 0x15, 0x83, 0xba, 0xcb, 0x49, 0xc3, 0x09, 0xaf, 0x4f, 0xa3, 0xf9, 0x05, 0xcc, 0x00, 0x85, 0x25, 0xc5, 0xb7, 0xbf,
  0x22, 0xf4, 0x78, 0xc1, 0xb9, 0xce, 0xdd, 0x6f, 0x67, 0x38, 0xb5, 0xaf, 0x6e, 0x7f, 0x89, 0xc3, 0x41, 0xc8, 0x1f, 0xea,
  0x24, 0x02, 0x81, 0x31, 0xe5, 0xf3, 0xf8, 0xc7, 0x79, 0xcb, 0x71, 0xb7, 0x39, 0x55, 0x88, 0x45, 0xd6, 0x0f, 0x90, 0x0e,
  0xce, 0xf6, 0x9f, 0x9f, 0x29, 0x7d, 0x18, 0xef, 0x1e, 0x0d, 0xc2, 0x31, 0x3b, 0xff, 0x41, 0x84, 0x2d, 0xa5, 0x55, 0x74,
  0xf8, 0x80, 0xd5, 0x61, 0x76, 0x75, 0xde, 0x6c, 0xb3, 0x57, 0x07, 0x07, 0x94, 0xd9, 0x7e, 0xd5, 0xa6, 0xdc, 0xce, 0x2b,
  0xe8, 0xfc, 0x18, 0x9f, 0x4e, 0x93, 0xf4, 0x0a, 0x85, 0x9e, 0x3c, 0x3f, 0xa4, 0x42, 0xf0, 0xb7, 0xc9, 0x9e, 0x7a, 0xec,
  0xe9, 0xd1, 0x61, 0x9e, 0x85, 0x41, 0x5f, 0x43, 0xe0, 0xf2, 0x48, 0x29, 0x52, 0x8c, 0x34, 0x11, 0x41, 0x08, 0x2b, 0x8e,
  0x7c, 0xb6, 0x0b, 0x7b, 0x9a, 0x1c, 0x28, 0x95, 0x9f, 0xfc, 0xfd, 0x69, 0x00, 0x57, 0x16, 0x76, 0xc2, 0xd7, 0xb6, 0x1c,
  0x39, 0x7a, 0xf4, 0x66, 0x1b, 0x86, 0xa6, 0x0c, 0xe6, 0x3c, 0x62, 0x14, 0x4e, 0x16, 0xc6, 0x43, 0x8c, 0xfc, 0x00, 0xe3,
  0x30, 0x5f, 0x64, 0x13, 0xe6, 0xa9, 0x1d, 0x2e, 0xc1, 0x44, 0xb1, 0xd1, 0xf1, 0xdd, 0x8d, 0xb8, 0x23, 0x54, 0xa3, 0x35,
  0x4b, 0x4b, 0x11, 0x97, 0xf8, 0x7e, 0x18, 0x77, 0xda, 0x7c, 0x9b, 0x1c, 0x07, 0x34, 0x6d, 0x18, 0x16, 0x8b, 0x22, 0x3f,
  0x70, 0x8e, 0x90, 0x1f, 0xc8, 0x9b, 0xa2, 0xc7, 0xdb, 0x2c, 0x39, 0x89, 0xc3, 0x21, 0xbf, 0x77, 0xc8, 0x9d, 0x12, 0x21,
  0xe9, 0x80, 0xbc, 0x3d, 0xd0, 0x33, 0xe8, 0x2d, 0xfd, 0x3e, 0x54, 0xf7, 0x92, 0x54, 0x11, 0x75, 0x79, 0x80, 0x7b, 0xb3,
  0x61, 0x54, 0xd0, 0xd9, 0x0b, 0xcf, 0x37, 0x3b, 0x6f, 0x62, 0xac, 0x54, 0x01, 0x23, 0x00, 0xae, 0x9f, 0x83, 0xc3, 0x93,
  0x8f, 0x40, 0xe5, 0x16, 0x31, 0x5e, 0x2b, 0x9c, 0x35, 0x35, 0x3f, 0x13, 0x2e, 0xf1, 0xa0, 0x3b, 0xa6, 0xc9, 0xfd, 0x09,
  0x5d, 0x4d, 0x82, 0x84, 0x9f, 0x98, 0x8a, 0xbe, 0xd5, 0x61, 0x5b, 0xb3, 0xd9, 0x18, 0x8f, 0xb8, 0x3f, 0x9a, 0xfc, 0x6e,
  0x3e, 0xb2, 0xab, 0x1d, 0x56, 0x47, 0xba, 0x6d, 0x68, 0x23, 0xd2, 0xa4, 0x0a, 0xdf, 0x82, 0x94, 0x01, 0x3b, 0x9f, 0x23,
  0x6f, 0x3f, 0xf5, 0xa3, 0xa4, 0xae, 0x97, 0xf1, 0xd2, 0xec, 0x5e, 0x14, 0x28, 0x37, 0xee, 0x16, 0xae, 0x8b, 0x6b, 0x04,
  0xe7, 0xa5, 0x05, 0x70, 0x68, 0x8c, 0x40, 0x70, 0x4e, 0x67, 0xc3, 0xd1, 0x2d, 0x3d, 0x8b, 0x6c, 0x0c, 0xe8, 0xd1, 0x6d,
  0x32, 0x2f, 0x80, 0xe8, 0x78, 0x00, 0x3c, 0x15, 0xb8, 0x40, 0x2f, 0x1c, 0xd3, 0xf3, 0x83, 0xc4, 0xf5, 0xe7, 0xd3, 0xa2,
  0x27, 0x2e, 0x88, 0x4e, 0x21, 0x9b, 0xd6, 0x84, 0x48, 0x84, 0x2c, 0x03, 0x50, 0xfa, 0x2e, 0xbc, 0x32, 0xd9, 0x6e, 0xd0,
  0xee, 0x21, 0x14, 0x4f, 0x28, 0x84, 0x73, 0x82, 0x0a, 0x49, 0x5d, 0x26, 0x40, 0x2d, 0x34, 0x24, 0xa0, 0x68, 0x84, 0x7a,
  0x64, 0xb6, 0x4b, 0x5a, 0x26, 0x4b, 0x10, 0xea, 0x6a, 0x38, 0xd5, 0x4a, 0x4a, 0x7d, 0x83, 0xf0, 0xc9, 0xea, 0x94, 0x25,
  0x69, 0x40, 0x8c, 0xe6, 0x24, 0x68, 0x2b, 0xb3, 0x82, 0x70, 0x14, 0x4c, 0xc5, 0xc6, 0x9e, 0x76, 0x65, 0x5f, 0x96, 0x7d,
  0x8a, 0xe3, 0xcd, 0x95, 0xad, 0x31, 0xf9, 0x57, 0x14, 0xf3, 0x71, 0x7a, 0x31, 0xbf, 0x6b, 0xf4, 0x50, 0x41, 0x5d, 0x07,
  0x0d, 0x4e, 0x80, 0x01, 0x5e, 0x9f, 0x57, 0x28, 0x1c, 0x06, 0x3f, 0x7a, 0x68, 0x11, 0x37, 0xd5, 0x02, 0xb9, 0x20, 0x29,
  0x37, 0x94, 0x3d, 0x0e, 0x50, 0xdd, 0x1e, 0xd6, 0x7c, 0x25, 0xd8, 0x97, 0x36, 0x07, 0x59, 0x55, 0x95, 0x99, 0xd3, 0x3b,
  0x61, 0x3e, 0x2a, 0x1b, 0x93, 0x35, 0x78, 0xa3, 0x30, 0x63, 0x05, 0xaf, 0x2b, 0xb9, 0x3c, 0x89, 0x91, 0xa2, 0xe7, 0x3a,
  0x4e, 0x58, 0x93, 0x7e, 0x19, 0x0e, 0x58, 0x89, 0x36, 0xf0, 0x78, 0x35, 0x9b, 0x31, 0x3c, 0xaa, 0xd5, 0xf1, 0xb6, 0x14,
  0xa8, 0xf7, 0x99, 0xa8, 0x44, 0x66, 0x10, 0xbd, 0xd4, 0x8d, 0x26, 0x3d, 0x51, 0x34, 0x8b, 0xa9, 0x3f, 0x2f, 0x6a, 0xfd,
  0xf9, 0x16, 0x33, 0x65, 0x06, 0x5b, 0x54, 0xe4, 0x89, 0x7b, 0xa1, 0xd6, 0xa4, 0xa6, 0xdb, 0x40, 0x9b, 0x7c, 0xa7, 0x14,
  0x16, 0x06, 0x59, 0xba, 0x19, 0x07, 0x74, 0x6e, 0x55, 0x5f, 0x67, 0x7f, 0x04, 0xf1, 0xf2, 0xf8, 0xe4, 0x8f, 0xfe, 0xfd,
  0x3f, 0x5a, 0xeb, 0xa4, 0xb2, 0xde, 0xbc, 0x5f, 0xf9, 0x9a, 0xc8, 0x1b, 0xf5, 0x80, 0x03, 0x35, 0xfe, 0xb6, 0x74, 0x5d,
  0xe4, 0x63, 0xd9, 0xdc, 0xc9, 0x87, 0xb5, 0xc2, 0xa8, 0xc9, 0x47, 0xbe, 0x6c, 0xf9, 0x94, 0x8a, 0x2c, 0xcf, 0x17, 0x16,
  0xd3, 0x1b, 0xeb, 0x13, 0x10, 0x85, 0x05, 0xb2, 0x12, 0x9a, 0x82, 0xec, 0x1f, 0xe1, 0x8a, 0x52, 0x27, 0x3f, 0x9b, 0x28,
  0x11, 0xd4, 0x1a, 0x8d, 0x5a, 0xd7, 0x7c, 0x11, 0x86, 0xbf, 0xbd, 0x01, 0xfb, 0xe7, 0x3d, 0x58, 0x2c, 0xd6, 0xa7, 0x62,
  0x18, 0x4d, 0xef, 0x88, 0x61, 0x34, 0xfd, 0xfb, 0x62, 0x98, 0x98, 0xc6, 0xb0, 0x84, 0x5f, 0x6e, 0x21, 0xcb, 0xfb, 0x5c,
  0x68, 0xbb, 0xe3, 0xab, 0xe0, 0x06, 0xf6, 0x88, 0xc2, 0x7a, 0x40, 0xa3, 0x1c, 0x26, 0x58, 0x85, 0xb5, 0x59, 0xb6, 0xac,
  0x70, 0x3a, 0x80, 0xdf, 0x56, 0xc5, 0x41, 0xdf, 0x22, 0x63, 0xcb, 0x80, 0xb8, 0xf7, 0x7b, 0x0c, 0x52, 0x93, 0x4d, 0x6d,
  0xc7, 0xba, 0xb1, 0x01, 0x1f, 0x7d, 0x2c, 0x21, 0x09, 0x31, 0x12, 0x7c, 0xc0, 0xc4, 0x1a, 0xc7, 0xc1, 0x11, 0xdf, 0x29,
  0x00, 0x18, 0xae, 0xd2, 0x9b, 0x9f, 0x31, 0x12, 0x0e, 0x4d, 0x0b, 0xac, 0x4f, 0x1c, 0x62, 0x4c, 0x91, 0x2b, 0xef, 0x31,
  0xd7, 0xec, 0x81, 0x07, 0xd5, 0x6a, 0x37, 0x86, 0x75, 0x2e, 0xc1, 0xe1, 0x58, 0x19, 0x05, 0x02, 0xb4, 0xe0, 0xc3, 0x76,
  0x77, 0xfb, 0x0b, 0xca, 0x46, 0xc2, 0x6a, 0x89, 0x97, 0xf4, 0xc2, 0x18, 0x2f, 0xf5, 0x71, 0x31, 0x6e, 0xe1, 0x4d, 0x07,
  0xf9, 0x4f, 0x95, 0xb8, 0x21, 0x30, 0x30, 0x87, 0xf1, 0x40, 0x49, 0x4f, 0x2d, 0x41, 0xfc, 0x61, 0xb6, 0x91, 0x9a, 0x19,
  0x24, 0x74, 0x3a, 0x4b, 0xc7, 0x7d, 0xd3, 0xd2, 0x39, 0x18, 0x1f, 0x19, 0x4b, 0x36, 0xf1, 0xfe, 0x99, 0x26, 0x11, 0x4b,
  0x75, 0x86, 0x04, 0xf7, 0xe2, 0x60, 0xde, 0xa0, 0x16, 0xa5, 0x25, 0xa2, 0x78, 0x78, 0xc3, 0xa5, 0xc4, 0x26, 0x7b, 0xcf,
  0xee, 0x33, 0x33, 0x9e, 0x40, 0x26, 0xf2, 0x69, 0x86, 0x12, 0x75, 0x10, 0x0e, 0xf7, 0x59, 0x1d, 0x67, 0x8f, 0xee, 0x27,
  0xca, 0x65, 0x56, 0x63, 0x34, 0x66, 0x18, 0xd1, 0x37, 0xd3, 0xf7, 0x44, 0x2e, 0x17, 0x52, 0x50, 0x4d, 0x04, 0x81, 0x63,
  0x18, 0x87, 0x49, 0xb3, 0x26, 0xce, 0x4d, 0x4c, 0x6d, 0xe7, 0x5f, 0x2d, 0x29, 0x61, 0x50, 0xb9, 0xfd, 0xdc, 0x7c, 0x51,
  0x01, 0x48, 0xc8, 0xca, 0x46, 0x4a, 0xd7, 0x86, 0x59, 0xdc, 0xa5, 0xfd, 0xfd, 0x64, 0xb4, 0x6c, 0xef, 0xcc, 0x4a, 0x66,
  0x71, 0x7d, 0x5c, 0xc5, 0x5a, 0xaa, 0xd0, 0x90, 0x4f, 0xc5, 0x2c, 0xc3, 0x43, 0xbe, 0x44, 0xb3, 0x0c, 0x0b, 0x59, 0xee,
  0x2e, 0x38, 0xe0, 0xdb, 0x28, 0xcb, 0xda, 0xff, 0x1e, 0xca, 0x94, 0xda, 0x7e, 0x9f, 0x3f, 0xbb, 0x11, 0xc5, 0xac, 0xdc,
  0xa9, 0x3f, 0x36, 0xfe, 0xb7, 0x3f, 0xff, 0x6b, 0x75, 0xeb, 0x7d, 0x6f, 0x69, 0xe3, 0xf8, 0x1e, 0xcb, 0xf2, 0xb6, 0xa1,
  0x54, 0xd6, 0xb4, 0x63, 0xdd, 0xfc, 0xfb, 0x7f, 0x5d, 0xde, 0x38, 0xbd, 0xc6, 0x52, 0x6a, 0x5e, 0xf5, 0x06, 0x73, 0xf1,
  0x15, 0x17, 0xe4, 0x3f, 0x65, 0x38, 0xca, 0xac, 0x9f, 0x31, 0xaa, 0xa5, 0x07, 0x4b, 0x5a, 0xdb, 0x5c, 0xcb, 0xaf, 0x6c,
  0x5c, 0x40, 0xa4, 0x9e, 0x16, 0x57, 0x70, 0x76, 0x3c, 0x54, 0x58, 0xc1, 0x80, 0x90, 0x5a, 0xfc, 0x9a, 0xa6, 0x8f, 0xdb,
  0x93, 0xf5, 0xde, 0xa8, 0x94, 0xee, 0x30, 0xa3, 0xac, 0x04, 0xcd, 0x2a, 0x56, 0x84, 0x0b, 0x94, 0x7c, 0x7b, 0x59, 0xbd,
  0x20, 0x13, 0xd1, 0xc0, 0xa0, 0x0d, 0x98, 0x9f, 0x0e, 0xbd, 0x8f, 0x51, 0x79, 0x48, 0x41, 0x32, 0xb9, 0xa8, 0x60, 0x3e,
  0xc9, 0x79, 0x90, 0xa4, 0x01, 0x6c, 0x6e, 0x58, 0xf1, 0xf0, 0x41, 0x89, 0xa7, 0xdf, 0x54, 0x53, 0x89, 0x7c, 0xd8, 0xa6,
  0x72, 0xc0, 0x0e, 0x54, 0x11, 0x0c, 0x81, 0xb4, 0x78, 0xde, 0xf9, 0xf3, 0x35, 0x95, 0xa0, 0xf8, 0xab, 0x38, 0x27, 0x1f,
  0x4c, 0x54, 0x57, 0x2c, 0xc3, 0x37, 0xe5, 0x7c, 0xea, 0xef, 0x23, 0x9d, 0xf0, 0xcb, 0xbb, 0x16, 0x71, 0xc0, 0x0a, 0xf2,
  0x90, 0xcf, 0xb6, 0x00, 0x72, 0xf8, 0x7c, 0x0a, 0xf2, 0x76, 0x3c, 0x8e, 0x4b, 0x76, 0xd6, 0xd7, 0x2f, 0x2f, 0x2f, 0x9b,
  0xf8, 0x64, 0x4a, 0x42, 0xaf, 0x86, 0x4c, 0xbc, 0x59, 0x33, 0x8a, 0x87, 0xeb, 0x8f, 0x26, 0xb0, 0x29, 0xef, 0xd2, 0xd6,
  0x7c, 0xf3, 0xcd, 0x04, 0x76, 0xe3, 0x5d, 0xda, 0x93, 0x6f, 0xbe, 0x84, 0x02, 0xbb, 0xee, 0xf6, 0x3a, 0xcf, 0x59, 0xe7,
  0x89, 0xe6, 0x13, 0xb2, 0xec, 0xcd, 0x96, 0x8a, 0x56, 0x87, 0xf4, 0x28, 0x0b, 0xc8, 0x94, 0x93, 0x75, 0x2c, 0xf5, 0xe8,
  0x27, 0xd1, 0x9e, 0x6d, 0x84, 0x5a, 0x3e, 0x45, 0x43, 0xc9, 0xc9, 0xd0, 0x5d, 0xef, 0x47, 0xb4, 0x40, 0x71, 0x4f, 0x30,
  0x54, 0x56, 0xa5, 0xaa, 0x6d, 0x2f, 0x60, 0xae, 0x86, 0x23, 0x30, 0xb1, 0xf8, 0x8b, 0x07, 0x60, 0xf2, 0x9f, 0x09, 0xf9,
  0xba, 0xee, 0xff, 0x0e, 0x48, 0x98, 0x5e, 0x5e, 0xc9, 0x34, 0xfa, 0xea, 0xf0, 0x23, 0x0b, 0x95, 0xea, 0xc3, 0x40, 0x9c,
  0x43, 0x07, 0xa5, 0x13, 0xb3, 0xd5, 0xac, 0x12, 0xbf, 0x81, 0x8e, 0x60, 0xf4, 0xc5, 0xa8, 0xd2, 0x19, 0x6a, 0x35, 0x83,
  0xa2, 0x80, 0x89, 0x9f, 0xac, 0x1f, 0xd8, 0x4b, 0x84, 0xf1, 0x9c, 0x64, 0x4d, 0xde, 0xf4, 0x42, 0xac, 0xb6, 0xca, 0xe2,
  0x68, 0xa5, 0x9c, 0x51, 0xfb, 0xb4, 0x27, 0xa1, 0x6a, 0x4b, 0xac, 0x25, 0x95, 0x44, 0x78, 0xa1, 0xa8, 0x0e, 0x6f, 0x7e,
  0xcc, 0x0e, 0x83, 0xa1, 0xc9, 0x51, 0xe3, 0x5e, 0x66, 0xa6, 0xb1, 0xf2, 0x36, 0xb1, 0x8f, 0x4c, 0xc2, 0xd2, 0x2d, 0x36,
  0xda, 0x25, 0x3a, 0x74, 0x3f, 0x5c, 0x64, 0x71, 0xea, 0x1a, 0x1b, 0x93, 0x16, 0x35, 0x20, 0x77, 0xed, 0x52, 0xc5, 0xac,
  0x79, 0xc5, 0x4d, 0x46, 0x22, 0xbb, 0x79, 0x65, 0xb3, 0x59, 0xf3, 0x3a, 0x9f, 0x76, 0x6d, 0xe1, 0x6d, 0x8b, 0xa6, 0x23,
  0xc4, 0xe2, 0x41, 0x38, 0x4e, 0xb9, 0x20, 0xdc, 0x8b, 0xd1, 0x7f, 0x9c, 0xcc, 0xc5, 0xff, 0xd1, 0x65, 0x13, 0xcb, 0x28,
  0xa7, 0x66, 0x80, 0xac, 0x9c, 0x19, 0xef, 0xfe, 0xee, 0x27, 0x20, 0xd2, 0x35, 0x89, 0xd8, 0xdc, 0x78, 0xc8, 0x23, 0x3c,
  0xce, 0x84, 0x8f, 0x71, 0x96, 0x2c, 0x82, 0x0c, 0xed, 0x15, 0xec, 0x79, 0x96, 0x56, 0x53, 0x06, 0x82, 0x5c, 0x20, 0xbf,
  0xc3, 0xa0, 0xcf, 0xcc, 0x8d, 0x4b, 0x2b, 0x64, 0x36, 0xef, 0x38, 0x5a, 0xc0, 0xf6, 0xeb, 0xdb, 0x0e, 0xa0, 0x2f, 0x49,
  0xa0, 0x60, 0xb2, 0x93, 0xc6, 0x11, 0xba, 0xed, 0x0c, 0x92, 0x0a, 0x0e, 0xe2, 0x0e, 0x3e, 0xf7, 0x4a, 0x92, 0x71, 0xec,
  0xdb, 0xa0, 0x53, 0x4c, 0x13, 0x0c, 0x59, 0xeb, 0x81, 0xd6, 0x61, 0x08, 0x2f, 0xb5, 0x38, 0x06, 0xc3, 0xcd, 0xea, 0x07,
  0xfa, 0x19, 0x08, 0x98, 0xde, 0x92, 0x75, 0xb6, 0x5b, 0xb0, 0xce, 0x76, 0xcb, 0xd6, 0xd9, 0x6e, 0xd1, 0x3a, 0xdb, 0x2d,
  0x5b, 0x67, 0x4d, 0x08, 0x6b, 0x48, 0xc2, 0xfa, 0x35, 0x3c, 0x1f, 0xb5, 0x30, 0xce, 0x82, 0xb1, 0x0f, 0xe5, 0xcb, 0x19,
  0xfd, 0xd1, 0x07, 0xfe, 0x70, 0x16, 0xf9, 0x88, 0xa9, 0x07, 0xbe, 0xf0, 0xf2, 0x19, 0xdf, 0xfd, 0x65, 0x96, 0x7a, 0x70,
  0x2b, 0x17, 0x8d, 0x46, 0xd4, 0x36, 0xe1, 0x31, 0xc2, 0x90, 0xdb, 0x9a, 0xd7, 0xb9, 0x04, 0x67, 0x30, 0x06, 0x88, 0xc8,
  0x2f, 0x78, 0x48, 0x20, 0x01, 0xd2, 0xc3, 0x63, 0x01, 0x5e, 0xf7, 0xa9, 0xb0, 0x55, 0xe7, 0xd9, 0xaa, 0x6e, 0x6b, 0xae,
  0xd8, 0x96, 0x4c, 0x4c, 0xa6, 0xd4, 0x9c, 0xf1, 0x3a, 0x83, 0x16, 0xbe, 0x86, 0x3f, 0x97, 0x93, 0xbd, 0x79, 0xc6, 0xdf,
  0xfe, 0xcd, 0x8e, 0x48, 0x3d, 0xf4, 0x0b, 0x1e, 0x92, 0xd3, 0x0d, 0x7f, 0x6e, 0x11, 0xfe, 0xfe, 0x47, 0xd7, 0x61, 0x93,
  0xb2, 0xb8, 0x52, 0xec, 0x16, 0x88, 0xe6, 0xda, 0x7a, 0x17, 0xc6, 0xea, 0x62, 0xa9, 0xbc, 0xc9, 0xda, 0x96, 0x26, 0xf2,
  0x72, 0xb1, 0x2a, 0x43, 0xb9, 0xc9, 0x3a, 0x8e, 0x11, 0x15, 0xf1, 0x60, 0xdf, 0xd4, 0x77, 0xc3, 0xe8, 0x2f, 0x63, 0xc0,
  0x74, 0xb5, 0xbf, 0xe9, 0x38, 0x6e, 0xa7, 0xfb, 0x45, 0x89, 0x19, 0xe0, 0x60, 0x27, 0x71, 0x7f, 0xb9, 0x00, 0x16, 0x5c,
  0xa1, 0x6b, 0xc8, 0x7a, 0x00, 0x02, 0x89, 0xdf, 0x1c, 0xa5, 0x93, 0xf1, 0xa3, 0x5e, 0x2f, 0xba, 0xe2, 0x52, 0x18, 0x86,
  0x1e, 0x24, 0x29, 0x89, 0xc6, 0xc8, 0x17, 0x02, 0x13, 0x28, 0xcb, 0x2a, 0x15, 0x3f, 0xbf, 0x19, 0x7b, 0xd7, 0x41, 0xbc,
  0x0b, 0x00, 0xa7, 0xe1, 0x87, 0x6f, 0x26, 0x5e, 0xfc, 0x01, 0x7e, 0x55, 0x49, 0x58, 0x2b, 0xf8, 0x80, 0x1c, 0x9c, 0x3c,
  0x7b, 0xf6, 0xf2, 0xf9, 0xf1, 0x01, 0x3f, 0xfc, 0xde, 0x61, 0x7f, 0x38, 0x7a, 0x7c, 0x76, 0x72, 0xf0, 0xfb, 0xa3, 0xf3,
  0x42, 0x30, 0x8e, 0xfb, 0x14, 0xaf, 0x42, 0x45, 0xe2, 0xb0, 0x56, 0x0d, 0xcb, 0x13, 0xa4, 0x47, 0xe8, 0xe7, 0x73, 0x46,
  0x7e, 0x90, 0x75, 0x74, 0x87, 0x0c, 0xf8, 0x91, 0x18, 0x32, 0x1e, 0xdd, 0xf4, 0x24, 0x9d, 0x85, 0xa8, 0x88, 0xee, 0xd9,
  0x43, 0x19, 0x0d, 0xee, 0x48, 0x59, 0x76, 0xca, 0x82, 0x5f, 0x5d, 0xd3, 0x85, 0x05, 0x00, 0xfd, 0x2c, 0xf2, 0x83, 0xba,
  0x14, 0xbf, 0xcc, 0x8e, 0xac, 0x13, 0xce, 0x06, 0xf0, 0x79, 0x6b, 0xe5, 0x43, 0x9a, 0x2b, 0x36, 0x31, 0x98, 0x05, 0xa5,
  0x97, 0xdc, 0x0b, 0xf5, 0x8a, 0xe3, 0x18, 0xd5, 0x1d, 0x2d, 0xc8, 0x09, 0x6a, 0x48, 0x18, 0xcf, 0x04, 0x74, 0x8b, 0x3f,
  0x04, 0x3d, 0x11, 0x94, 0x44, 0x1b, 0x4e, 0x32, 0x5f, 0xe0, 0x78, 0x0a, 0x6d, 0x08, 0x1d, 0x66, 0x26, 0x11, 0x0c, 0xae,
  0x72, 0x8d, 0x60, 0xe4, 0x48, 0x1c, 0x14, 0xdd, 0x15, 0x27, 0x25, 0x2f, 0x56, 0x85, 0x4e, 0xce, 0x41, 0x3f, 0x73, 0xd8,
  0x17, 0x8f, 0x04, 0x98, 0x05, 0x1b, 0x2f, 0xb9, 0x9e, 0xf6, 0xb3, 0x31, 0x1b, 0x04, 0x69, 0x7f, 0xb4, 0x7f, 0x11, 0xf4,
  0xf1, 0x06, 0x35, 0x48, 0x3a, 0xf5, 0x79, 0x3c, 0xae, 0xb8, 0x58, 0x9b, 0xf2, 0xc0, 0x31, 0xc1, 0x25, 0xdb, 0xef, 0x41,
  0x97, 0x71, 0x80, 0xe2, 0x68, 0x3c, 0xe6, 0x61, 0xa4, 0x44, 0xa0, 0x07, 0xb4, 0x52, 0x06, 0xa9, 0x84, 0x55, 0xb7, 0x76,
  0xf7, 0xb0, 0x5a, 0xd3, 0xc3, 0x0a, 0x78, 0x1f, 0xb5, 0x10, 0x17, 0xa5, 0x18, 0xc5, 0x28, 0xbe, 0xce, 0xae, 0x91, 0x79,
  0x97, 0xf8, 0x0c, 0x0e, 0xe1, 0x87, 0x48, 0xd9, 0xec, 0x63, 0x12, 0x0e, 0xa7, 0xde, 0x78, 0x87, 0x20, 0xf2, 0x6f, 0x14,
  0xbc, 0x80, 0xe3, 0xed, 0x80, 0x50, 0xd8, 0xc0, 0x08, 0xed, 0x01, 0x0c, 0x2e, 0x5e, 0x26, 0x02, 0x85, 0xcc, 0x1b, 0x8f,
  0x11, 0x18, 0x5d, 0x0d, 0x92, 0xf8, 0xa4, 0xb9, 0xbd, 0xc8, 0xb4, 0x61, 0x4e, 0xbc, 0x1f, 0x51, 0x32, 0x17, 0x2e, 0x6f,
  0xf5, 0xe8, 0x83, 0x91, 0xdb, 0xca, 0x38, 0x3a, 0xd5, 0x97, 0xc6, 0xca, 0x15, 0xf9, 0x66, 0x6e, 0x0a, 0xac, 0x03, 0xa2,
  0x2e, 0x5e, 0x34, 0xc6, 0x4d, 0xb5, 0x39, 0x8d, 0x2e, 0xeb, 0x15, 0x91, 0x78, 0xef, 0xe9, 0xc1, 0x7a, 0xaa, 0x42, 0xb2,
  0x16, 0x02, 0xfa, 0xf0, 0x1b, 0xab, 0x95, 0x97, 0xe5, 0x8d, 0x9a, 0x87, 0x66, 0x23, 0xd6, 0x97, 0x31, 0xf9, 0xde, 0x68,
  0xde, 0xb9, 0xdc, 0xca, 0xa0, 0x62, 0x0c, 0xdd, 0xbc, 0xaf, 0x08, 0x98, 0x2a, 0x76, 0x7c, 0x41, 0xb5, 0x55, 0x1e, 0x80,
  0x87, 0x78, 0x66, 0xcd, 0xd1, 0x8e, 0xb9, 0x6b, 0x9d, 0xa9, 0x52, 0x41, 0x47, 0x90, 0x35, 0x30, 0xae, 0x9c, 0x5a, 0xfc,
  0x86, 0x00, 0x57, 0x65, 0xa5, 0xf3, 0x06, 0x34, 0x8e, 0x24, 0xa0, 0x61, 0x5d, 0x36, 0xaa, 0x58, 0xa6, 0x34, 0x43, 0xc8,
  0xac, 0x0d, 0x73, 0xb9, 0x67, 0x0e, 0xf0, 0xb3, 0xe2, 0x64, 0x89, 0xeb, 0xb3, 0xc5, 0x71, 0xe7, 0x9e, 0x3c, 0xac, 0x26,
  0x68, 0x12, 0xc9, 0xc5, 0xc7, 0xf7, 0x0e, 0x62, 0xae, 0x66, 0x62, 0x14, 0x26, 0xb4, 0xb1, 0x68, 0x43, 0x50, 0x74, 0x0b,
  0xcc, 0x1f, 0x4b, 0x2f, 0x76, 0xf1, 0xec, 0x56, 0x69, 0xb2, 0x66, 0x70, 0x38, 0x3a, 0x32, 0x04, 0x93, 0xa5, 0x82, 0x31,
  0xf1, 0x00, 0xac, 0x08, 0x0c, 0xb5, 0x88, 0x28, 0xee, 0x73, 0x9f, 0x1d, 0x0d, 0x63, 0x36, 0x8b, 0xa3, 0x99, 0x41, 0xdc,
  0xad, 0x9c, 0x26, 0xd3, 0x14, 0x2c, 0x08, 0x47, 0x75, 0x87, 0x99, 0x28, 0x8e, 0xb7, 0xf0, 0xd1, 0x40, 0x0f, 0xd2, 0x1f,
  0x23, 0xe4, 0x32, 0x20, 0xd0, 0x31, 0xf4, 0x0b, 0x3d, 0x3d, 0xc8, 0x74, 0x67, 0xb4, 0x92, 0xeb, 0xde, 0xde, 0x8f, 0x6a,
  0x77, 0x92, 0xcb, 0x47, 0xa0, 0xc3, 0x9e, 0xc1, 0xd6, 0x71, 0x8a, 0x6c, 0x71, 0xa4, 0xdd, 0x9d, 0x1d, 0x65, 0xe7, 0x88,
  0x3b, 0x7f, 0xf4, 0xef, 0x7f, 0xb5, 0x6e, 0x57, 0xdf, 0x15, 0x88, 0xe8, 0x59, 0x5c, 0xb5, 0xd9, 0x94, 0x8c, 0x0d, 0x39,
  0xd6, 0x97, 0x0f, 0x84, 0x65, 0x52, 0x1d, 0x55, 0x70, 0x30, 0x50, 0x1c, 0xb3, 0x29, 0x35, 0x31, 0x38, 0x3c, 0xbb, 0x48,
  0x4c, 0x9c, 0x5b, 0x46, 0xf8, 0xc9, 0x70, 0x7a, 0x7f, 0x99, 0x90, 0xa7, 0x78, 0xae, 0xc3, 0x8a, 0x69, 0x58, 0x37, 0x3b,
  0x5b, 0xee, 0xfa, 0x7b, 0x62, 0xd9, 0x7d, 0x0f, 0x18, 0x3d, 0xe3, 0x17, 0x89, 0x7b, 0x5e, 0x42, 0x8e, 0x60, 0xdf, 0xc3,
  0x02, 0xa9, 0xbe, 0x41, 0xab, 0x85, 0xfe, 0x4a, 0xca, 0x08, 0xa2, 0x57, 0x13, 0x05, 0x1f, 0x33, 0x04, 0xe8, 0x17, 0x51,
  0x63, 0xbd, 0x98, 0x02, 0x00, 0xe7, 0x36, 0xac, 0xec, 0xb6, 0xfc, 0x3d, 0x0e, 0xc1, 0x62, 0x49, 0x46, 0xce, 0x37, 0x36,
  0x6b, 0x75, 0x9c, 0xa2, 0x15, 0x29, 0x69, 0x46, 0x53, 0x94, 0xfb, 0xb2, 0x5b, 0xf1, 0x25, 0x22, 0x53, 0xd8, 0x70, 0x8e,
  0x9c, 0x9b, 0x1a, 0xc2, 0x03, 0x80, 0xeb, 0x91, 0xcb, 0x0c, 0x8e, 0xfb, 0x5a, 0x3c, 0x35, 0x14, 0x34, 0x60, 0xa1, 0xe2,
  0x0d, 0xa1, 0x6c, 0x90, 0x2a, 0x83, 0x81, 0x99, 0xb7, 0x93, 0x3c, 0xdf, 0x5b, 0xc0, 0x3d, 0x6f, 0xca, 0x9d, 0x15, 0xc1,
  0xae, 0x30, 0xc2, 0xc8, 0xc5, 0xa2, 0x9b, 0x71, 0x13, 0x2a, 0x41, 0x11, 0xf8, 0x2a, 0xa2, 0xcb, 0xbf, 0x71, 0xde, 0x72,
  0xd1, 0xe9, 0xb4, 0x26, 0x8c, 0x0e, 0x18, 0xfe, 0x0b, 0x19, 0x2a, 0xae, 0x30, 0x7c, 0x6a, 0x25, 0x9c, 0x0e, 0x41, 0xb2,
  0xf1, 0x50, 0xce, 0x00, 0xb5, 0x31, 0x45, 0x53, 0x0e, 0x3d, 0xcd, 0x77, 0xfb, 0xcb, 0x82, 0x98, 0xe4, 0xe4, 0x92, 0x82,
  0x5b, 0x6b, 0x2e, 0x7a, 0x17, 0x86, 0xc9, 0xa8, 0x83, 0x38, 0x05, 0x8a, 0x65, 0x50, 0x6f, 0x59, 0x30, 0x66, 0x85, 0x7c,
  0x71, 0x45, 0x59, 0x2f, 0x52, 0xc9, 0xf5, 0x78, 0x13, 0x15, 0x9e, 0xfa, 0x4f, 0xb9, 0xdb, 0xb7, 0x91, 0x6b, 0x51, 0xc5,
  0x4a, 0xee, 0x6c, 0x7e, 0x45, 0xe1, 0xc6, 0x40, 0x0e, 0xd7, 0xea, 0x0e, 0xb6, 0x78, 0x11, 0xe5, 0x77, 0xc0, 0xe3, 0x9a,
  0x33, 0x2f, 0x06, 0x52, 0x9d, 0xf0, 0xe8, 0x12, 0xba, 0x28, 0xc3, 0x67, 0x36, 0x1f, 0xa7, 0xec, 0xfe, 0xfd, 0x2e, 0xd2,
  0x55, 0x98, 0x66, 0xc2, 0x41, 0x18, 0x60, 0x0e, 0xbf, 0xae, 0x50, 0x5c, 0x97, 0x37, 0xcb, 0xe8, 0x82, 0xd6, 0xc9, 0x82,
  0x55, 0x60, 0x22, 0xfb, 0x2f, 0x16, 0x6d, 0x29, 0x34, 0xbe, 0x49, 0xf5, 0xeb, 0x12, 0x85, 0xe8, 0x7f, 0x15, 0xcf, 0x4f,
  0x94, 0x84, 0x74, 0xab, 0x1c, 0x9d, 0xd0, 0x2c, 0x72, 0x2d, 0x16, 0xf4, 0x54, 0x31, 0xc9, 0x29, 0xe4, 0x0a, 0x86, 0x71,
  0x2d, 0x15, 0x04, 0xd2, 0xfe, 0x4e, 0xfa, 0x4d, 0x91, 0x47, 0x66, 0xa6, 0x25, 0xd4, 0xb9, 0x5f, 0x15, 0x3a, 0xc8, 0x06,
  0x31, 0x86, 0xd5, 0xb2, 0x78, 0x5c, 0x06, 0xfe, 0xca, 0x12, 0xf0, 0x15, 0x52, 0xc3, 0x90, 0xa7, 0x4d, 0xb5, 0x07, 0xe4,
  0xd1, 0x1b, 0x5b, 0x81, 0xf0, 0x03, 0xa1, 0x6b, 0xc8, 0x0b, 0x40, 0x15, 0xc3, 0x2a, 0x38, 0xcc, 0xde, 0x2e, 0x6b, 0x59,
  0x45, 0x36, 0x6b, 0x18, 0xdd, 0x42, 0xf0, 0x44, 0x8d, 0x53, 0x16, 0x36, 0x1f, 0x5b, 0x72, 0xb8, 0x47, 0xac, 0xed, 0xa0,
  0xcd, 0x2b, 0xdf, 0x16, 0x24, 0x63, 0x28, 0x29, 0xcc, 0xd8, 0x02, 0xf6, 0x59, 0xcd, 0x61, 0x4c, 0xfb, 0x5c, 0x1e, 0x4d,
  0x83, 0x3c, 0x5e, 0x98, 0x60, 0x1e, 0x3f, 0x12, 0x1d, 0xab, 0x16, 0x4f, 0x5f, 0x8e, 0xa3, 0x52, 0xa5, 0xf2, 0xae, 0xb8,
  0x32, 0x97, 0xe4, 0x61, 0x18, 0xf2, 0xb1, 0x21, 0x2d, 0x43, 0xb0, 0x48, 0x00, 0x41, 0x0f, 0x53, 0x5d, 0x78, 0xe3, 0xfa,
  0x38, 0x8c, 0x83, 0x6c, 0xdd, 0x61, 0xf7, 0x96, 0xc4, 0x80, 0x2c, 0xb4, 0x59, 0xae, 0x6f, 0x0e, 0xb4, 0x9a, 0xd9, 0xb2,
  0xf5, 0x1d, 0x43, 0x2a, 0x47, 0x0a, 0x9d, 0x22, 0xf6, 0xdd, 0xaa, 0x58, 0x97, 0x8b, 0x6f, 0x2e, 0x0a, 0xd6, 0x37, 0x49,
  0xcc, 0x6a, 0xa4, 0xbc, 0xc5, 0x99, 0xbb, 0x5d, 0x53, 0x0a, 0x68, 0x50, 0xb8, 0x43, 0x2e, 0xae, 0x7c, 0xf1, 0x67, 0x59,
  0x00, 0xf2, 0x0d, 0x9b, 0x24, 0x55, 0x51, 0x10, 0xa4, 0x9e, 0x3c, 0x49, 0xd8, 0x43, 0xb6, 0xe9, 0x18, 0xd4, 0x64, 0xca,
  0x71, 0x3b, 0x5a, 0x96, 0xd4, 0x98, 0x33, 0x1d, 0x5a, 0xdc, 0x82, 0x37, 0x52, 0xa6, 0x3e, 0x87, 0x52, 0x62, 0x80, 0xe5,
  0x4d, 0x5b, 0x15, 0xc6, 0x79, 0xe6, 0xbd, 0x42, 0xd3, 0xcd, 0xed, 0x2f, 0x3d, 0x2d, 0x9e, 0x64, 0x35, 0x43, 0x42, 0x9b,
  0x99, 0xe4, 0x65, 0x8f, 0x40, 0x04, 0xf4, 0xfc, 0x6b, 0x14, 0x47, 0x79, 0xd4, 0x11, 0xb5, 0xc8, 0x9a, 0x27, 0xa7, 0x47,
  0xcf, 0xab, 0x6f, 0x75, 0x62, 0x78, 0x58, 0x76, 0x06, 0xb3, 0x35, 0x1d, 0xd6, 0xef, 0xdf, 0xe7, 0xc1, 0x29, 0xcb, 0x7b,
  0x1c, 0x20, 0x4f, 0x17, 0x58, 0x4b, 0x5b, 0x13, 0x49, 0x20, 0xa2, 0xa1, 0x24, 0x80, 0x71, 0x7e, 0x3f, 0xb3, 0xbf, 0xfa,
  0x18, 0xfa, 0x46, 0xcd, 0x8e, 0x44, 0xf2, 0x02, 0xe0, 0xf0, 0x4f, 0x01, 0x1a, 0xc4, 0x1d, 0xab, 0xd8, 0xa4, 0x0c, 0xcf,
  0xb1, 0xe4, 0x14, 0x50, 0x09, 0xa0, 0x30, 0x18, 0xf9, 0x75, 0xb7, 0xc2, 0x4d, 0x2b, 0xa3, 0x25, 0xe6, 0x7d, 0xc6, 0x20,
  0x49, 0x5b, 0xcd, 0x6d, 0x7e, 0x48, 0x43, 0xc3, 0xf5, 0xe4, 0xbd, 0xb4, 0xcb, 0x64, 0x76, 0xae, 0xa2, 0x01, 0xa6, 0x1c,
  0xda, 0x53, 0x75, 0xc2, 0x26, 0xbe, 0x66, 0x99, 0x9c, 0x85, 0x45, 0x34, 0x18, 0x15, 0xe5, 0xc4, 0x14, 0xae, 0x40, 0x79,
  0x3d, 0x71, 0x22, 0x1f, 0xa2, 0x3d, 0x0f, 0x06, 0xdc, 0xd6, 0x2f, 0x4e, 0x2c, 0x35, 0x10, 0xc8, 0x07, 0x1e, 0xc6, 0x1e,
  0x8a, 0x3c, 0xf5, 0xa1, 0x78, 0xfe, 0x03, 0x3d, 0x24, 0xf8, 0xa7, 0x05, 0x43, 0x51, 0x15, 0x1d, 0x75, 0xa7, 0x32, 0x4c,
  0xab, 0xd1, 0x9d, 0x8a, 0x00, 0x1a, 0x24, 0x4d, 0x68, 0x4c, 0x43, 0xb9, 0x61, 0x0e, 0x3f, 0xfb, 0x90, 0x23, 0x59, 0x6d,
  0x35, 0xf9, 0xec, 0x0b, 0xa3, 0x40, 0xd0, 0x7d, 0x3b, 0x1b, 0x63, 0xe3, 0x53, 0x1e, 0x06, 0x09, 0x1a, 0x3a, 0xdd, 0xad,
  0x8a, 0xa6, 0x9b, 0x75, 0xb9, 0x5b, 0xa5, 0xb7, 0x9a, 0xf6, 0x26, 0x13, 0xa6, 0x05, 0x6a, 0x21, 0x16, 0x8d, 0x14, 0x63,
  0x23, 0x02, 0x3a, 0x3d, 0xac, 0xa2, 0x67, 0x16, 0x6c, 0x7c, 0xab, 0xc3, 0x36, 0x6c, 0xae, 0x59, 0x78, 0x64, 0xf3, 0xbc,
  0x7d, 0xb6, 0x41, 0xcb, 0xc5, 0x61, 0x2e, 0x3f, 0x27, 0xa7, 0x0b, 0xbc, 0xc8, 0xde, 0x35, 0xf3, 0xa0, 0x6e, 0xbe, 0x7c,
  0x2f, 0x6c, 0x52, 0xc0, 0x47, 0x6e, 0xd6, 0x01, 0xe4, 0xa3, 0x24, 0xee, 0xef, 0x86, 0xa3, 0xc9, 0x37, 0xf1, 0x70, 0x17,
  0x27, 0xff, 0x9b, 0xd8, 0xdf, 0x15, 0xf3, 0x5f, 0x94, 0x90, 0xe3, 0x66, 0xf4, 0x41, 0x1c, 0x2a, 0xd2, 0xe7, 0x4a, 0xd2,
  0xbc, 0x3e, 0x31, 0xc5, 0x08, 0x4f, 0x28, 0x39, 0x73, 0x85, 0xb6, 0xd0, 0x92, 0x30, 0xd0, 0xe4, 0x0d, 0x95, 0xa5, 0x30,
  0xd4, 0xcb, 0x6c, 0x95, 0xc6, 0x70, 0x53, 0x85, 0x19, 0x34, 0xc5, 0x62, 0x2b, 0x46, 0x4d, 0x32, 0x30, 0x13, 0x0a, 0xb6,
  0x4e, 0xe7, 0x68, 0x13, 0x1f, 0x0d, 0xab, 0x33, 0x15, 0xd8, 0xbd, 0x4b, 0x11, 0xd8, 0xcb, 0x51, 0xdc, 0x06, 0x90, 0x32,
  0xc2, 0x6c, 0x50, 0x6e, 0x7c, 0x2a, 0xc3, 0x5f, 0x1f, 0xa0, 0xb0, 0x8b, 0xc5, 0x4a, 0x64, 0xbd, 0x93, 0x35, 0x3e, 0xc5,
  0xbc, 0xfa, 0x2b, 0x19, 0x45, 0x9e, 0x2d, 0xd4, 0xb0, 0x83, 0x65, 0x19, 0x24, 0x09, 0xee, 0x46, 0x5d, 0x0e, 0x92, 0x96,
  0xf3, 0x0d, 0x02, 0xdb, 0x75, 0xdf, 0x5b, 0x4d, 0x3e, 0xfd, 0x42, 0x3e, 0xa8, 0x08, 0xab, 0x52, 0x58, 0xa8, 0x26, 0x81,
  0x6e, 0x91, 0xfd, 0x99, 0xde, 0xcb, 0x2b, 0x85, 0x2a, 0xc7, 0x44, 0x35, 0x3e, 0xf7, 0x34, 0xae, 0x63, 0x14, 0x82, 0x0d,
  0x91, 0xce, 0x2b, 0x16, 0x5f, 0x85, 0xd8, 0xb1, 0xea, 0x62, 0xcc, 0x5a, 0xaa, 0x12, 0x28, 0xee, 0xf1, 0x65, 0x57, 0xb9,
  0x5c, 0xcc, 0x66, 0x20, 0x6d, 0x0b, 0xe4, 0x7a, 0x30, 0x47, 0x26, 0x6e, 0xfe, 0x88, 0x75, 0x4d, 0x0e, 0x3f, 0x26, 0xc5,
  0xd8, 0x64, 0x6f, 0xa9, 0xd6, 0x8b, 0x0b, 0xdc, 0xfe, 0x6e, 0x2b, 0xbd, 0x32, 0xb8, 0xfc, 0xb2, 0x05, 0xbf, 0x08, 0xa5,
  0xe2, 0x9b, 0x21, 0x0b, 0x26, 0xec, 0xe2, 0x49, 0xe1, 0x1e, 0x89, 0x70, 0x68, 0xe0, 0x31, 0x04, 0x7e, 0xfe, 0x19, 0x83,
  0x6e, 0x1f, 0x56, 0x17, 0x39, 0xc4, 0x22, 0x55, 0xcf, 0x4c, 0xdd, 0x45, 0x6e, 0xc9, 0xe2, 0x4f, 0x8f, 0x53, 0xef, 0xdc,
  0x6c, 0xf5, 0x22, 0x27, 0xca, 0xca, 0xe3, 0x8b, 0xec, 0x4d, 0x13, 0x65, 0x0a, 0xd9, 0xad, 0x67, 0x28, 0x34, 0x2a, 0x6b,
  0x5a, 0xeb, 0x3c, 0x26, 0x3c, 0x81, 0xdf, 0x73, 0xbe, 0xf9, 0xc6, 0x7f, 0xd8, 0xb2, 0x04, 0x22, 0xbb, 0xbe, 0x89, 0xc2,
  0x16, 0x9d, 0xa1, 0x54, 0xed, 0x68, 0xfa, 0x45, 0xfe, 0x6c, 0xd2, 0xea, 0x17, 0x4f, 0x70, 0x80, 0xf3, 0x3e, 0x6a, 0x32,
  0xfe, 0x38, 0x1f, 0x7e, 0x3d, 0x87, 0x3f, 0x76, 0x13, 0x1a, 0x72, 0x92, 0xa8, 0xcf, 0x13, 0xe9, 0x97, 0x88, 0x23, 0xfe,
  0xf3, 0xcf, 0x18, 0x46, 0x3c, 0x5f, 0x50, 0x5c, 0x05, 0x2d, 0x43, 0xd0, 0x23, 0x9c, 0x0b, 0x50, 0x34, 0x04, 0x56, 0xd5,
  0x44, 0x60, 0xe6, 0x1e, 0xc8, 0x93, 0x9a, 0x73, 0x82, 0xbc, 0x6a, 0xad, 0xba, 0xb5, 0x18, 0x04, 0x36, 0x2b, 0x6f, 0x83,
  0xfe, 0xb0, 0xdc, 0x21, 0x76, 0x61, 0x2c, 0x04, 0xbd, 0x2b, 0x0a, 0x66, 0xb9, 0x97, 0x32, 0xeb, 0x35, 0xcf, 0x12, 0xd7,
  0xad, 0xf2, 0x51, 0x7f, 0xc5, 0x20, 0x1a, 0x03, 0xea, 0x54, 0x1d, 0xa7, 0xdc, 0x54, 0xf7, 0x90, 0x5f, 0x11, 0xab, 0xb2,
  0x0e, 0xaa, 0x8b, 0x77, 0xd5, 0xe4, 0x92, 0x8f, 0xff, 0xb3, 0x80, 0xdf, 0xd0, 0x14, 0x82, 0xd6, 0x8b, 0xa7, 0x44, 0xf5,
  0x1a, 0xf9, 0x97, 0xb2, 0x70, 0x0a, 0x9a, 0x69, 0xe8, 0x07, 0x3b, 0x35, 0xde, 0x2d, 0x9b, 0x05, 0x4b, 0x0f, 0x3e, 0xd5,
  0xe9, 0x1b, 0x9d, 0x85, 0xd4, 0x47, 0x68, 0x9d, 0x2f, 0x46, 0x2c, 0xd4, 0xde, 0x13, 0xc1, 0xfc, 0xae, 0xfe, 0x9e, 0xc8,
  0x7b, 0x15, 0x14, 0x66, 0x44, 0xa7, 0x81, 0x26, 0xe1, 0x8d, 0xce, 0xb7, 0xcf, 0xd2, 0x88, 0x6e, 0x62, 0xa3, 0x12, 0x9d,
  0x06, 0x93, 0x7a, 0x2d, 0x9c, 0xbd, 0x10, 0x11, 0xb2, 0xa8, 0xd1, 0x85, 0x36, 0xc7, 0x55, 0x0f, 0x50, 0x17, 0xbf, 0x54,
  0xb2, 0x84, 0x2f, 0x55, 0x1b, 0xd2, 0xf3, 0x26, 0xfa, 0x25, 0x46, 0xc4, 0xaa, 0x73, 0x3c, 0x85, 0x91, 0x72, 0x9c, 0xe6,
  0xc7, 0x77, 0x5f, 0xdc, 0xfd, 0xd4, 0x74, 0x7f, 0x3a, 0x45, 0xc3, 0x58, 0x41, 0x5f, 0x2d, 0x9d, 0x0b, 0x2d, 0x36, 0xaf,
  0xf9, 0x41, 0x61, 0xee, 0x8d, 0xf3, 0x9e, 0xbd, 0x1a, 0xd3, 0x2d, 0x3d, 0x2c, 0xd3, 0xad, 0x38, 0xc9, 0x5c, 0x3c, 0x3e,
  0x0b, 0x8f, 0xa7, 0x0a, 0x87, 0x1b, 0x5f, 0x54, 0x9f, 0x39, 0x4a, 0xce, 0x8f, 0x73, 0x22, 0x53, 0xbb, 0x25, 0xc3, 0x70,
  0xee, 0x10, 0x67, 0xe1, 0x34, 0xd1, 0xf3, 0x65, 0xea, 0x34, 0xfa, 0xf6, 0x17, 0x11, 0x71, 0x66, 0x85, 0xd9, 0x38, 0x0b,
  0xd8, 0x9d, 0xce, 0xb0, 0xa5, 0xe8, 0x6c, 0x3c, 0xc6, 0x36, 0x31, 0x9d, 0xcf, 0x70, 0x76, 0xab, 0x11, 0x40, 0x05, 0x7e,
  0xcb, 0x1e, 0x3c, 0xfa, 0x58, 0x69, 0xb7, 0xb1, 0xf8, 0x0b, 0x86, 0x05, 0x62, 0x5a, 0x1c, 0xff, 0x36, 0x9c, 0x71, 0x3d,
  0x23, 0x9c, 0x29, 0x04, 0x28, 0x56, 0x7d, 0x13, 0x76, 0xca, 0x49, 0xdd, 0xca, 0x4e, 0x43, 0xff, 0x3b, 0x72, 0xb2, 0x7a,
  0xb4, 0xf3, 0xc7, 0xf5, 0x3f, 0xae, 0xf3, 0x43, 0xd1, 0x2c, 0xef, 0x8f, 0xeb, 0xea, 0xa0, 0xb4, 0x2c, 0x2b, 0x87, 0x33,
  0xc4, 0xcb, 0x83, 0x65, 0x92, 0xd6, 0xd7, 0x9e, 0x05, 0x71, 0x3f, 0x44, 0x1b, 0x5d, 0x02, 0x63, 0x86, 0xbe, 0xc0, 0x35,
  0xcf, 0x8f, 0xe9, 0x52, 0xfc, 0xf1, 0x29, 0x7f, 0xa2, 0x4d, 0xc4, 0xb5, 0x08, 0xae, 0xd8, 0x0e, 0x73, 0xb7, 0x5b, 0x4d,
  0x77, 0x73, 0xab, 0xb9, 0xd1, 0x74, 0xad, 0xe6, 0xda, 0xa2, 0x9e, 0xe8, 0x3d, 0x86, 0x06, 0xbb, 0xc6, 0xc0, 0xba, 0xf9,
  0x6e, 0x2e, 0x8f, 0x6d, 0x2c, 0xa2, 0x0f, 0x43, 0x32, 0xd7, 0x72, 0x8e, 0xd0, 0xe6, 0x58, 0xb3, 0xaa, 0x09, 0xeb, 0xd3,
  0x02, 0xde, 0x9e, 0xdf, 0xfe, 0xe5, 0xe9, 0xed, 0x5f, 0x9e, 0xdd, 0xfe, 0x05, 0x2d, 0xcd, 0x2b, 0xba, 0x78, 0x2d, 0x90,
  0x6a, 0xa4, 0x24, 0x23, 0x9f, 0xe9, 0x0b, 0x03, 0x7a, 0xfe, 0x84, 0x47, 0xcc, 0x53, 0x8f, 0xa3, 0xe4, 0x5f, 0x57, 0x51,
  0x42, 0x83, 0xd1, 0x3c, 0x26, 0x64, 0xcf, 0x27, 0xe2, 0x99, 0xce, 0x5d, 0x06, 0x6d, 0xdd, 0xbf, 0x38, 0xb4, 0xd6, 0x5b,
  0x86, 0x0b, 0x37, 0x4a, 0x44, 0xf9, 0x68, 0x7e, 0x13, 0x46, 0x3a, 0x23, 0x53, 0xb4, 0xcc, 0x27, 0xd6, 0xb7, 0xbc, 0x42,
  0xd7, 0xfc, 0x4c, 0x4c, 0xae, 0xf0, 0x61, 0x56, 0xf8, 0xe6, 0x0b, 0xd3, 0xcd, 0x11, 0x81, 0xa7, 0x50, 0x95, 0xcb, 0x57,
  0x77, 0xf2, 0xfd, 0xd0, 0xae, 0x41, 0x19, 0xef, 0xa1, 0x48, 0x84, 0xca, 0xb7, 0x50, 0x44, 0xc6, 0x32, 0x00, 0x72, 0xf8,
  0xcb, 0x21, 0x65, 0x45, 0xc6, 0xaa, 0x00, 0x1a, 0xad, 0x4f, 0x06, 0x01, 0x13, 0x5f, 0xaa, 0xab, 0x59, 0xf2, 0x51, 0x82,
  0xad, 0xaa, 0x67, 0x68, 0x75, 0x95, 0x9a, 0x82, 0xbe, 0x4a, 0x75, 0x45, 0xfa, 0x32, 0x84, 0x75, 0xaa, 0x34, 0xc0, 0xc8,
  0x32, 0x15, 0xa0, 0xb6, 0x19, 0x90, 0x24, 0x06, 0x40, 0x17, 0x83, 0xd1, 0x96, 0x68, 0xe1, 0xc9, 0x32, 0x4c, 0x72, 0x00,
  0xca, 0xaf, 0x87, 0x5c, 0x1c, 0xae, 0x4a, 0x40, 0x55, 0x28, 0x98, 0x96, 0xc7, 0xdd, 0x60, 0xfa, 0xab, 0xc0, 0xcc, 0xe3,
  0x69, 0x7e, 0xb0, 0x03, 0xef, 0xa6, 0xc3, 0x7e, 0x8d, 0xc7, 0x63, 0xf0, 0xdf, 0x3d, 0xd6, 0x31, 0x9d, 0xda, 0xf0, 0xac,
  0xd6, 0xdd, 0x4e, 0x6d, 0x04, 0xee, 0x3f, 0x7a, 0x90, 0x2e, 0xa8, 0x91, 0x9f, 0x12, 0x5d, 0x8a, 0x07, 0xab, 0x55, 0x2c,
  0x5d, 0xef, 0xaa, 0xee, 0xe8, 0x71, 0xb2, 0x31, 0x08, 0x18, 0x52, 0x99, 0x85, 0xc1, 0x74, 0xcd, 0x30, 0x72, 0x97, 0x66,
  0xb2, 0x6e, 0x98, 0x0c, 0x6a, 0x1e, 0xf0, 0x6a, 0x6f, 0xce, 0xf7, 0x3a, 0xfe, 0xcd, 0x21, 0x15, 0xa2, 0xbe, 0x51, 0x8e,
  0x80, 0xce, 0xdf, 0xca, 0x3e, 0xf4, 0x92, 0x11, 0xb7, 0xa4, 0x71, 0x64, 0xdb, 0x2e, 0xec, 0x46, 0x9b, 0xec, 0x5b, 0x56,
  0x77, 0x59, 0x83, 0x2d, 0x41, 0x1d, 0xdd, 0xa2, 0x1d, 0x07, 0xe3, 0x0f, 0x98, 0x40, 0x2f, 0x40, 0x3a, 0x87, 0x65, 0x83,
  0xae, 0x41, 0x97, 0x03, 0x3b, 0xe7, 0x0e, 0xe5, 0xb0, 0xbd, 0x1b, 0x86, 0x71, 0x87, 0x4d, 0xe6, 0x44, 0x11, 0x48, 0x01,
  0x77, 0x2e, 0xfc, 0x6c, 0xe0, 0x5e, 0xd0, 0xe8, 0x4d, 0x92, 0xe2, 0x00, 0x50, 0x6e, 0xf1, 0x11, 0x1b, 0xbc, 0x3f, 0x2d,
  0x72, 0x72, 0x71, 0x56, 0xf3, 0xa0, 0x98, 0x0a, 0xb6, 0x0a, 0x3b, 0x16, 0xea, 0xc0, 0x5a, 0x60, 0x52, 0xda, 0xfd, 0x2b,
  0x62, 0x89, 0xf0, 0x3c, 0x81, 0xdc, 0x04, 0xaf, 0xdc, 0x9a, 0xca, 0xaa, 0xa8, 0x11, 0x64, 0x4f, 0x03, 0xe8, 0xc6, 0xfb,
  0x6a, 0x54, 0xb5, 0x68, 0xe7, 0x94, 0x77, 0x02, 0x2a, 0x9f, 0xe6, 0x96, 0xe7, 0x4b, 0xe8, 0x91, 0x5e, 0xc3, 0xa7, 0xbe,
  0x1a, 0xe2, 0x35, 0xaf, 0xda, 0x4e, 0xed, 0x2c, 0x9a, 0x27, 0x0d, 0xf1, 0xc8, 0x18, 0x06, 0xfd, 0xa1, 0xc7, 0x9c, 0xd1,
  0x19, 0x0d, 0x83, 0xfc, 0x70, 0x17, 0xfe, 0xdb, 0x7f, 0xe3, 0xaf, 0xe3, 0xc5, 0x4d, 0x7a, 0x7e, 0x59, 0xbd, 0x05, 0x86,
  0xb5, 0xe7, 0xb1, 0xa9, 0x6e, 0x55, 0x45, 0xf5, 0x4c, 0x18, 0x54, 0x95, 0x4f, 0x28, 0x07, 0x57, 0x7d, 0xbc, 0xd0, 0x31,
  0xc8, 0xae, 0x8d, 0x37, 0x6b, 0x37, 0xc6, 0x5b, 0x82, 0xd9, 0xe0, 0x55, 0x10, 0x8c, 0xec, 0x67, 0x16, 0xac, 0xa5, 0x76,
  0x1a, 0x47, 0x2a, 0x68, 0x20, 0x74, 0x68, 0x1c, 0x4c, 0xe9, 0xce, 0x77, 0xcd, 0x78, 0x9c, 0xf2, 0xb1, 0x3c, 0xc0, 0x52,
  0x84, 0xce, 0xc6, 0xb8, 0xb8, 0x37, 0xdf, 0xdd, 0x2c, 0x45, 0x7e, 0x49, 0x86, 0xb3, 0xac, 0xdc, 0xfb, 0x68, 0x0f, 0xd9,
  0x76, 0x47, 0x19, 0x54, 0xf9, 0x43, 0x86, 0xf3, 0xb8, 0x07, 0x73, 0x88, 0xcf, 0x59, 0xcb, 0xe7, 0xcf, 0xaa, 0x02, 0x06,
  0x98, 0x1f, 0x5c, 0xab, 0xb2, 0x22, 0x15, 0x5f, 0x44, 0xe6, 0xd7, 0x9f, 0xf2, 0xc2, 0x84, 0x70, 0xc0, 0xd6, 0x9f, 0x49,
  0xe6, 0xc5, 0x72, 0x16, 0x9e, 0xe2, 0x5a, 0xcb, 0x5e, 0x51, 0xe6, 0x85, 0x95, 0xa9, 0xa9, 0xab, 0x1e, 0x55, 0xe6, 0x19,
  0xb4, 0xdb, 0xe6, 0x9e, 0x57, 0x96, 0xd0, 0xb9, 0x61, 0xa9, 0xa0, 0xf8, 0xe6, 0x1f, 0x5e, 0x16, 0xf8, 0x3e, 0xb1, 0xba,
  0x86, 0x17, 0x98, 0x79, 0xa6, 0x69, 0x2b, 0x5a, 0x08, 0xf4, 0x50, 0x00, 0x3d, 0x34, 0x01, 0x3d, 0xac, 0x04, 0x7a, 0x78,
  0xb7, 0x58, 0x99, 0xf8, 0xe8, 0xd8, 0xed, 0x5f, 0xce, 0x58, 0x3d, 0xf2, 0xa3, 0x09, 0x90, 0x3f, 0x46, 0xcd, 0xba, 0xcf,
  0xe8, 0x4a, 0xd9, 0x8a, 0xef, 0x40, 0x78, 0xc9, 0x61, 0xf0, 0x24, 0x0e, 0xc7, 0xe3, 0x00, 0xb8, 0x07, 0x46, 0xa3, 0xa9,
  0xb8, 0x93, 0x80, 0xa1, 0xbb, 0x76, 0xd9, 0x1b, 0xd7, 0xc6, 0xe7, 0x99, 0x3a, 0x78, 0xa8, 0x0c, 0x5f, 0xf0, 0x6f, 0xc7,
  0xb1, 0xf9, 0xf3, 0xe8, 0x2d, 0x87, 0x7e, 0xf1, 0x9f, 0xce, 0xdb, 0xae, 0x29, 0xd4, 0x14, 0x00, 0x69, 0x0e, 0x42, 0xe0,
  0xc5, 0x33, 0xba, 0x52, 0xc9, 0xdb, 0x83, 0x2d, 0x60, 0x86, 0x2f, 0xdf, 0xb9, 0x2d, 0xba, 0x00, 0xcb, 0x23, 0x5b, 0x99,
  0xc7, 0x40, 0xbc, 0x12, 0x8c, 0x5e, 0x77, 0xfc, 0x4d, 0x36, 0xbc, 0x8a, 0x1c, 0xc5, 0x2a, 0xe6, 0x58, 0x30, 0x65, 0x93,
  0xdb, 0xbf, 0xe2, 0x7d, 0x44, 0x8b, 0xf5, 0x81, 0x10, 0x62, 0x1e, 0x1d, 0x70, 0x12, 0x26, 0xc8, 0x4a, 0xe8, 0x75, 0xeb,
  0x11, 0x85, 0xd2, 0xf4, 0x45, 0x10, 0x44, 0xf1, 0x0c, 0xb5, 0xc9, 0xe4, 0xc0, 0xef, 0x88, 0xf1, 0xeb, 0x66, 0x75, 0x5e,
  0xce, 0x16, 0xcb, 0x46, 0xd3, 0x11, 0xc4, 0x23, 0x71, 0x2f, 0x3c, 0x5f, 0x45, 0x5d, 0xab, 0xba, 0x9b, 0x80, 0xb1, 0x9c,
  0x44, 0x7b, 0xc3, 0x80, 0x33, 0x9d, 0xab, 0xb4, 0x5e, 0x6b, 0xd1, 0xeb, 0x6e, 0x97, 0x59, 0x26, 0xed, 0xfb, 0x00, 0x39,
  0x4b, 0xe1, 0x61, 0xf5, 0x0b, 0x5b, 0x43, 0x7a, 0x05, 0x43, 0x39, 0x1e, 0x9f, 0xe1, 0x76, 0x89, 0x7b, 0xcd, 0x97, 0x4e,
  0xcf, 0x09, 0xdc, 0x3e, 0xa8, 0xf5, 0x32, 0x8b, 0x5e, 0xd8, 0xe2, 0xd1, 0x58, 0x2f, 0x01, 0x9e, 0x71, 0x6f, 0x99, 0x10,
  0x9f, 0xc5, 0x4b, 0x44, 0x1d, 0x53, 0xf6, 0x15, 0x19, 0xa3, 0xf8, 0x13, 0x81, 0x13, 0x6f, 0xc6, 0xe7, 0x6d, 0xd6, 0xbc,
  0xb2, 0xd0, 0x30, 0xdb, 0xf7, 0xd2, 0xfa, 0x1b, 0x47, 0x0d, 0x46, 0xf3, 0xea, 0x2d, 0x06, 0xff, 0x32, 0xd7, 0xb8, 0x36,
  0xd6, 0xb8, 0x7e, 0x6b, 0x46, 0x2a, 0x9c, 0xfe, 0x20, 0x85, 0x69, 0x1c, 0xfd, 0x66, 0xb3, 0x79, 0x95, 0xf0, 0xa3, 0x4c,
  0xc0, 0x16, 0x8f, 0x83, 0xaf, 0xb2, 0x7c, 0x10, 0x2d, 0x44, 0xfe, 0x7d, 0x9e, 0x5f, 0x01, 0xf1, 0x75, 0x01, 0xe2, 0x75,
  0x01, 0xe2, 0xeb, 0x02, 0xc4, 0xeb, 0xc5, 0x10, 0x49, 0xb0, 0xcb, 0x61, 0x41, 0x58, 0x35, 0x08, 0x79, 0x58, 0x03, 0xf4,
  0xb2, 0x19, 0x14, 0x79, 0x5d, 0x28, 0xf2, 0x9a, 0x17, 0x79, 0xcd, 0x8b, 0x24, 0x7d, 0xae, 0x2f, 0x2a, 0xc4, 0x2e, 0x61,
  0x35, 0x70, 0xd0, 0x48, 0x01, 0xe2, 0xfb, 0xb5, 0x71, 0x94, 0xfa, 0xf4, 0xf8, 0x19, 0x8d, 0xd5, 0x7d, 0x1a, 0x12, 0x4b,
  0xbc, 0x9d, 0x76, 0x2d, 0xd2, 0x5f, 0xf3, 0xf4, 0xd7, 0x94, 0x6e, 0x82, 0x90, 0x46, 0x67, 0xfd, 0x38, 0xe0, 0x5e, 0xc1,
  0xfc, 0x01, 0x18, 0x98, 0xab, 0xfa, 0x47, 0x96, 0x5c, 0xed, 0x30, 0x44, 0xa4, 0x85, 0xf2, 0x0a, 0xde, 0x85, 0xed, 0x5f,
  0xe1, 0x0d, 0x37, 0x42, 0x16, 0x70, 0xbe, 0xde, 0x21, 0xd4, 0x5a, 0x90, 0x51, 0xc7, 0x5b, 0xb1, 0xfd, 0x6b, 0x95, 0x5b,
  0xba, 0x7f, 0xad, 0x33, 0x0f, 0x9d, 0xd7, 0xa8, 0x21, 0x21, 0xca, 0x04, 0x68, 0x54, 0xdd, 0x58, 0xf9, 0xca, 0xc1, 0x95,
  0x80, 0x68, 0x70, 0x9c, 0xd6, 0x25, 0x22, 0x57, 0x2e, 0xcf, 0xb8, 0x5f, 0xcc, 0xb8, 0xa6, 0x1a, 0x88, 0xda, 0xa8, 0x90,
  0xe1, 0xf2, 0x8c, 0xfb, 0xf9, 0x8c, 0xf2, 0xca, 0xe2, 0xe2, 0xa7, 0x5a, 0x5b, 0x3c, 0x0a, 0xec, 0x86, 0x63, 0xbb, 0x1b,
  0x0f, 0x6c, 0x77, 0x6b, 0xc3, 0x76, 0x9a, 0xae, 0x25, 0x56, 0xda, 0x18, 0xd8, 0xc4, 0x1f, 0x84, 0xa8, 0xee, 0x56, 0x3c,
  0xb5, 0x39, 0xbc, 0x92, 0x73, 0xdc, 0xc7, 0xd8, 0xea, 0xd0, 0xa3, 0x75, 0x1c, 0x0d, 0x1c, 0x36, 0xf8, 0xd3, 0xc5, 0x7c,
  0x60, 0x80, 0x57, 0x2e, 0x7d, 0xdd, 0xdf, 0xe5, 0x79, 0xd2, 0x6c, 0x38, 0x73, 0xe9, 0x01, 0x23, 0x3e, 0x55, 0xf5, 0x21,
  0x4e, 0x14, 0x46, 0xd9, 0x9b, 0xb5, 0x4a, 0xc9, 0xae, 0xc5, 0x51, 0xea, 0x05, 0xc3, 0x70, 0x7a, 0x0a, 0xcd, 0xd5, 0x45,
  0x02, 0x8a, 0x20, 0xe7, 0x51, 0x7d, 0xe6, 0x36, 0x13, 0xbc, 0xcb, 0x0c, 0x7f, 0xae, 0xad, 0x0c, 0x7b, 0xcc, 0x69, 0xf1,
  0x9c, 0x56, 0x96, 0xc3, 0x87, 0xa0, 0x6c, 0x8d, 0xcc, 0x3a, 0x75, 0x9d, 0xeb, 0xd4, 0x75, 0xa9, 0x53, 0xd7, 0xd8, 0xa9,
  0x6b, 0x97, 0xbe, 0x16, 0x77, 0xea, 0x0a, 0xa3, 0x28, 0x5e, 0x97, 0x3a, 0x75, 0xe5, 0x52, 0xf2, 0xdf, 0xa1, 0x53, 0xe5,
  0x39, 0x57, 0xf1, 0xc8, 0x8a, 0x73, 0xdc, 0xce, 0x92, 0x7e, 0x17, 0xd1, 0x4d, 0xe4, 0x1a, 0xe9, 0x17, 0x1a, 0x39, 0x60,
  0xb8, 0x97, 0x42, 0x72, 0x32, 0xf2, 0xfc, 0xe8, 0xf2, 0xa0, 0xf8, 0xcc, 0x43, 0x96, 0xf5, 0x78, 0x3c, 0xc7, 0x9c, 0xad,
  0x72, 0x67, 0xf3, 0x2f, 0x0f, 0x71, 0xce, 0xaa, 0x5e, 0x82, 0x99, 0xd9, 0x2c, 0xb4, 0xf4, 0xd7, 0xae, 0x70, 0xf5, 0xe2,
  0x1a, 0x05, 0x91, 0x54, 0x1b, 0xc9, 0x99, 0xb8, 0xc3, 0x2e, 0x9c, 0x47, 0x42, 0xe9, 0x75, 0xa5, 0x8d, 0x23, 0xaf, 0x46,
  0x8f, 0x55, 0x60, 0xf8, 0xcc, 0x6c, 0x18, 0x55, 0xc6, 0x4d, 0x71, 0x10, 0xcb, 0x43, 0xa8, 0x77, 0xc5, 0x31, 0xfb, 0x80,
  0x81, 0xc8, 0x99, 0xea, 0xa8, 0xe1, 0x06, 0x65, 0x75, 0x0d, 0xfb, 0xd9, 0xa6, 0xe3, 0x75, 0x06, 0x5e, 0xad, 0x62, 0xf6,
  0xbd, 0xb8, 0x5f, 0xe7, 0xc0, 0x68, 0x92, 0xe5, 0xe7, 0x35, 0x09, 0x27, 0x28, 0x8e, 0x64, 0x57, 0x6f, 0x35, 0xe8, 0x66,
  0x5f, 0x92, 0x19, 0xdd, 0xb5, 0x55, 0x18, 0xa9, 0xfd, 0x4c, 0xdb, 0xa8, 0x8c, 0x18, 0x0e, 0x7a, 0xbd, 0x41, 0x6b, 0xc3,
  0xe4, 0x93, 0xab, 0xa4, 0x02, 0x1a, 0x68, 0x75, 0x00, 0x5c, 0xd5, 0x11, 0x40, 0x80, 0x93, 0x2a, 0xfe, 0x85, 0x2e, 0x3c,
  0x58, 0xdc, 0x85, 0x02, 0xf1, 0x0a, 0xd5, 0x83, 0x26, 0xc0, 0xbb, 0x08, 0x24, 0xe0, 0xec, 0x49, 0xd0, 0x3c, 0x78, 0x91,
  0x0d, 0x7a, 0x0d, 0xe6, 0x35, 0x32, 0x5c, 0x97, 0x2c, 0x34, 0xb7, 0x9d, 0xcd, 0x94, 0x20, 0x8d, 0xc6, 0x96, 0xcd, 0xb6,
  0x0a, 0x49, 0x1b, 0xc6, 0x52, 0x0d, 0x59, 0x8c, 0xce, 0x38, 0x74, 0xe8, 0xb2, 0x4f, 0x84, 0x53, 0x40, 0x57, 0x24, 0xcd,
  0xeb, 0x33, 0x3f, 0xf6, 0x1d, 0x7f, 0x73, 0x63, 0xdb, 0x91, 0xd2, 0x4e, 0xc4, 0xcf, 0x37, 0xdc, 0xf6, 0xec, 0x0a, 0x68,
  0x35, 0x49, 0x83, 0x49, 0x63, 0x1e, 0xf2, 0x58, 0xd7, 0x8d, 0x04, 0x14, 0x86, 0x81, 0x28, 0x88, 0x22, 0xd7, 0xfe, 0x38,
  0x1c, 0xd2, 0xb2, 0xc5, 0x67, 0xcd, 0xb4, 0xf4, 0xc7, 0x5e, 0x12, 0x8c, 0x79, 0xb4, 0x81, 0x5a, 0x2f, 0x4a, 0xd3, 0x68,
  0x52, 0x33, 0x8b, 0x5c, 0xe7, 0x28, 0xb7, 0xbd, 0x1f, 0xd2, 0x46, 0x46, 0x8f, 0x68, 0x00, 0x67, 0xbb, 0x61, 0x93, 0xf7,
  0x5c, 0x28, 0x1e, 0xc1, 0xb6, 0xb3, 0xb5, 0xe8, 0x89, 0x22, 0x8a, 0x29, 0x70, 0x40, 0x92, 0x1d, 0xd7, 0xe9, 0xb5, 0x04,
  0x5d, 0x05, 0xa7, 0x27, 0x3c, 0x30, 0x6b, 0x5f, 0x88, 0xbd, 0x71, 0xc9, 0xf1, 0xc5, 0x74, 0x15, 0xbf, 0xea, 0xb4, 0xdb,
  0xe4, 0xa5, 0x13, 0x26, 0xdf, 0xe1, 0x79, 0x4d, 0x20, 0x8c, 0xd2, 0xd6, 0xcf, 0x3f, 0xf3, 0x8f, 0x87, 0xbb, 0x55, 0x57,
  0xd4, 0xb9, 0xb9, 0x7b, 0x57, 0xd9, 0xb7, 0x6d, 0x16, 0x4d, 0x82, 0xa1, 0x07, 0x09, 0x87, 0x0d, 0x50, 0xa0, 0xd6, 0xd5,
  0xfb, 0xca, 0x45, 0xb6, 0x95, 0xfc, 0x80, 0x7b, 0xc0, 0xc5, 0xb7, 0xea, 0x76, 0xbc, 0xa0, 0xbb, 0xcc, 0x64, 0x8d, 0xcf,
  0x2e, 0x6b, 0x65, 0xa0, 0xc7, 0xe5, 0x32, 0x22, 0x01, 0x8b, 0x51, 0xbb, 0x32, 0xc3, 0xc8, 0x69, 0x64, 0x60, 0x08, 0xae,
  0x2a, 0xbc, 0xe9, 0xeb, 0x31, 0x38, 0x1a, 0xae, 0xe1, 0x01, 0xee, 0x7b, 0xbe, 0x39, 0x30, 0x09, 0x20, 0x2f, 0x1d, 0x35,
  0x9a, 0x7c, 0x19, 0xbd, 0x56, 0xbf, 0xaf, 0xad, 0x3d, 0xa7, 0xe9, 0xd0, 0xfb, 0xaf, 0x7d, 0x2d, 0xf6, 0xc7, 0xc7, 0xab,
  0x1d, 0xac, 0x66, 0x5f, 0xe3, 0x9f, 0xd7, 0x37, 0x82, 0xef, 0xe6, 0x50, 0xd8, 0x2b, 0x3e, 0x1e, 0x6d, 0x49, 0x08, 0x32,
  0x06, 0x48, 0x61, 0x11, 0x2c, 0x21, 0x86, 0x9b, 0x55, 0x82, 0x6b, 0x90, 0x53, 0x3d, 0x7f, 0xe7, 0xba, 0xcb, 0xdf, 0xb9,
  0xee, 0xaa, 0x77, 0xae, 0xbb, 0x86, 0x77, 0xae, 0x97, 0xbc, 0x62, 0x9d, 0x0b, 0xa5, 0xb1, 0x2c, 0x8e, 0xc6, 0x1d, 0x63,
  0x68, 0x98, 0x42, 0x4e, 0x14, 0xda, 0x2b, 0xb9, 0x14, 0x15, 0x06, 0xc8, 0x70, 0xb1, 0x4e, 0xf8, 0xe6, 0xc9, 0x05, 0x27,
  0x7c, 0x00, 0x4f, 0xbd, 0x98, 0x2c, 0x40, 0x8a, 0x59, 0x6b, 0x76, 0x93, 0x68, 0x3a, 0xe4, 0x71, 0x9c, 0xd1, 0xf0, 0xf3,
  0x85, 0x29, 0xf2, 0x89, 0x50, 0x12, 0x35, 0xb0, 0xb6, 0x98, 0x4a, 0x9b, 0x47, 0x57, 0x26, 0x52, 0xc0, 0xb8, 0xc8, 0x44,
  0xe3, 0x37, 0x4a, 0x6d, 0xc4, 0xc7, 0xb1, 0xda, 0x1b, 0x7e, 0x7b, 0x7b, 0xdb, 0x70, 0xba, 0xce, 0x63, 0x8f, 0x90, 0x80,
  0x2a, 0xa3, 0x00, 0x14, 0xed, 0x9b, 0xa7, 0x59, 0x08, 0xfa, 0x3a, 0xb0, 0x21, 0x68, 0x45, 0x0f, 0x5d, 0x87, 0xb1, 0x2d,
  0xb1, 0x41, 0x3d, 0xcd, 0x62, 0x13, 0x6e, 0x60, 0x03, 0x11, 0xe5, 0xab, 0x8f, 0x75, 0xb9, 0xc2, 0xbe, 0x75, 0xb7, 0x9c,
  0x75, 0xb9, 0xd7, 0x7c, 0xdd, 0xde, 0x74, 0x8a, 0x81, 0xe8, 0x4c, 0x64, 0x66, 0xba, 0x64, 0xa0, 0x86, 0x57, 0x4d, 0x83,
  0xc5, 0xca, 0x44, 0x42, 0x36, 0x82, 0x72, 0x80, 0x14, 0xaa, 0xf8, 0x04, 0x43, 0x57, 0x14, 0x98, 0xa3, 0x4a, 0xab, 0x2d,
  0x25, 0x0a, 0x11, 0x3d, 0xc6, 0x3c, 0xe7, 0x0a, 0xce, 0x92, 0x69, 0x5f, 0x1c, 0x22, 0xe9, 0x63, 0x65, 0x08, 0x1c, 0x9d,
  0x10, 0x54, 0x5b, 0x36, 0x05, 0x12, 0x27, 0x3a, 0x70, 0x88, 0x08, 0x1c, 0x1c, 0x00, 0x1e, 0x03, 0xbc, 0xf6, 0xa5, 0xd7,
  0x0e, 0x36, 0xdb, 0x9d, 0x8a, 0xa0, 0x91, 0x2a, 0xfc, 0x4c, 0x05, 0x01, 0xe0, 0x3b, 0x8f, 0x1e, 0xbf, 0xc2, 0xc0, 0x5f,
  0x5d, 0x9c, 0x06, 0xf9, 0xc8, 0x51, 0xcd, 0xa6, 0xe1, 0x55, 0x23, 0x53, 0x27, 0x6f, 0xbe, 0xb8, 0x43, 0x7f, 0x54, 0x18,
  0x1e, 0x3d, 0x88, 0xb9, 0x16, 0x07, 0xbd, 0xba, 0x5f, 0x2b, 0xf4, 0x09, 0x43, 0x19, 0x93, 0x8c, 0x88, 0x3b, 0x6b, 0x3e,
  0x80, 0xb8, 0x16, 0xf1, 0x96, 0x88, 0x3b, 0x1f, 0xad, 0x5c, 0xcf, 0x25, 0x1a, 0xbf, 0xfd, 0xa5, 0xaf, 0xc1, 0x51, 0xc1,
  0x9c, 0xb4, 0xc0, 0x92, 0xb0, 0x6b, 0xa3, 0x73, 0x40, 0x6a, 0xd9, 0xf9, 0x32, 0xd7, 0xc5, 0x32, 0x18, 0x06, 0xc9, 0x22,
  0xa0, 0x80, 0x1a, 0x0a, 0x85, 0x73, 0x05, 0xb6, 0x78, 0xd6, 0x49, 0x35, 0xde, 0x57, 0xf9, 0x33, 0x94, 0xbc, 0x95, 0x17,
  0xb0, 0x44, 0x83, 0xf7, 0x74, 0xfe, 0xac, 0x1e, 0xf9, 0x2b, 0x0e, 0x24, 0x0f, 0x7b, 0x88, 0x27, 0xef, 0x9f, 0xe0, 0x1b,
  0x71, 0x4f, 0x77, 0x8e, 0xe0, 0x4e, 0x08, 0x2a, 0x4c, 0x59, 0x23, 0x8d, 0x42, 0xe6, 0xf3, 0x87, 0x13, 0x30, 0x40, 0x86,
  0xaf, 0x22, 0x96, 0xd1, 0x6d, 0x7e, 0xb3, 0xb3, 0xc1, 0xe7, 0xf7, 0x7e, 0x86, 0x3e, 0xf2, 0x2e, 0x7e, 0x82, 0x0b, 0xb4,
  0x3e, 0x3e, 0x0b, 0x5d, 0x9e, 0x57, 0x71, 0x49, 0x78, 0xb6, 0xff, 0xfc, 0xe8, 0xfc, 0xfc, 0x88, 0xbd, 0x3c, 0x7b, 0xcc,
  0xea, 0xa7, 0x07, 0x4b, 0x8c, 0xac, 0x95, 0x6f, 0x04, 0x0f, 0xbd, 0x09, 0xa8, 0x2b, 0x7e, 0xe6, 0x55, 0xa3, 0xfc, 0x29,
  0x44, 0xce, 0xf1, 0xd4, 0x0f, 0xae, 0x76, 0x83, 0xa6, 0xf8, 0xd9, 0x0c, 0xf1, 0x77, 0x37, 0x1f, 0x13, 0x99, 0x67, 0xe1,
  0xb9, 0x48, 0xf4, 0x21, 0xff, 0xe6, 0x14, 0xcf, 0xa9, 0x8a, 0x4d, 0xa3, 0x41, 0xf5, 0xbb, 0xf9, 0xe7, 0x6e, 0xf1, 0xc8,
  0x34, 0x51, 0x67, 0x87, 0xd9, 0xb3, 0xb5, 0x35, 0xb7, 0x10, 0x59, 0x6f, 0x59, 0xcf, 0xfc, 0x30, 0x29, 0x77, 0xae, 0x44,
  0x24, 0xb9, 0xce, 0xee, 0x16, 0xbb, 0x6b, 0x15, 0x87, 0x43, 0xc4, 0xf7, 0xe2, 0x49, 0x68, 0x2b, 0xdf, 0xbf, 0xc0, 0x85,
  0xb7, 0xeb, 0xe4, 0x12, 0xcf, 0x61, 0x71, 0x4e, 0xf5, 0xc4, 0x83, 0x38, 0x0a, 0xaf, 0x8c, 0xc5, 0x55, 0x8e, 0xaa, 0xb3,
  0xf0, 0x61, 0x41, 0x6d, 0xc4, 0xef, 0x32, 0xde, 0xf4, 0xec, 0x9f, 0x3a, 0x9a, 0x0a, 0x60, 0x24, 0xf5, 0xd7, 0x83, 0x4d,
  0xe3, 0x4f, 0xca, 0x9f, 0x63, 0xad, 0x3a, 0x39, 0xf4, 0x74, 0x70, 0xe1, 0xa5, 0xec, 0x9c, 0x12, 0xc1, 0x9f, 0xcf, 0x7d,
  0x7c, 0x8a, 0xf1, 0x05, 0x7d, 0x11, 0x9f, 0x36, 0x2f, 0x18, 0xe5, 0xdc, 0xfb, 0xc5, 0xdb, 0xa5, 0xc6, 0x5d, 0x54, 0x9f,
  0x10, 0xdd, 0xb7, 0xb9, 0xe2, 0xdc, 0x70, 0x48, 0xf1, 0x5b, 0xbc, 0x8b, 0x70, 0xe8, 0x81, 0x5e, 0x87, 0x66, 0xef, 0x27,
  0x1c, 0x40, 0x52, 0xb7, 0xde, 0xe8, 0xb0, 0xde, 0x76, 0x2b, 0xe2, 0xf5, 0x55, 0x79, 0xdc, 0x8a, 0x93, 0x51, 0xb4, 0xab,
  0x0d, 0x67, 0x4d, 0xef, 0x2a, 0x48, 0xde, 0x38, 0x6f, 0xc9, 0x79, 0xd6, 0xbb, 0xd6, 0xd2, 0xdc, 0xb7, 0x46, 0x4f, 0x70,
  0x52, 0x49, 0x96, 0xce, 0x82, 0x77, 0x85, 0xd0, 0x2a, 0xee, 0xc1, 0x97, 0xe8, 0x90, 0x69, 0x9e, 0x38, 0x50, 0x6b, 0xef,
  0xf0, 0x68, 0xff, 0xf0, 0x9f, 0x4f, 0x9e, 0x1f, 0xb1, 0x47, 0xac, 0x01, 0x38, 0xed, 0x30, 0x67, 0x29, 0x20, 0x4e, 0x87,
  0x39, 0x40, 0x57, 0x39, 0x40, 0xde, 0x55, 0x35, 0x1c, 0x92, 0x51, 0x91, 0xa2, 0xf7, 0x77, 0xd1, 0xc2, 0x8e, 0x5f, 0xe7,
  0xbb, 0x4e, 0x75, 0x74, 0x80, 0xf2, 0x42, 0xda, 0xdd, 0xa5, 0x2b, 0x79, 0xe5, 0xc5, 0x24, 0x33, 0x66, 0xcd, 0xde, 0x1c,
  0xf4, 0xe2, 0x69, 0x22, 0x35, 0x18, 0xb7, 0x53, 0x35, 0x3f, 0xd9, 0x0c, 0xca, 0x3a, 0x6f, 0xdc, 0xd6, 0xdb, 0x47, 0xf8,
  0x3a, 0x7c, 0x92, 0xa0, 0xa7, 0xb1, 0x40, 0xd5, 0xed, 0x66, 0x17, 0xd1, 0xf4, 0xb2, 0x6d, 0x43, 0xd9, 0x86, 0xdb, 0x5d,
  0xb9, 0xad, 0x8d, 0x52, 0xfd, 0x73, 0xac, 0x6f, 0x6e, 0xac, 0x63, 0x28, 0x5c, 0xd1, 0xd6, 0xcd, 0xa2, 0x39, 0x2c, 0xb2,
  0x1a, 0x8e, 0x77, 0x25, 0xbf, 0xe1, 0x2d, 0x75, 0x17, 0xd0, 0xb7, 0x58, 0xb9, 0xf4, 0x08, 0x88, 0x8e, 0x70, 0x86, 0x6f,
  0xf5, 0xfc, 0x8a, 0xba, 0x1a, 0x1b, 0xfd, 0x6d, 0x78, 0x66, 0xc5, 0x90, 0x68, 0x28, 0x50, 0x5c, 0xfc, 0x22, 0x13, 0xb2,
  0xcc, 0x97, 0xc3, 0xcc, 0xfd, 0x31, 0x70, 0x30, 0x91, 0xb4, 0x34, 0x8c, 0x52, 0xe1, 0x18, 0x12, 0xdf, 0xc0, 0x4b, 0xf7,
  0xa7, 0x21, 0x3f, 0x6f, 0xfe, 0x0e, 0x9d, 0xd1, 0xeb, 0x1a, 0xd3, 0x33, 0x5e, 0x4e, 0x5f, 0xa5, 0xd6, 0x52, 0xd1, 0xe1,
  0xf1, 0xc9, 0xcb, 0x83, 0xa7, 0x47, 0xec, 0xf4, 0xc5, 0xf1, 0xf3, 0x83, 0xe3, 0xd3, 0x7d, 0xf8, 0xac, 0x1b, 0xa2, 0xf6,
  0xaf, 0x7a, 0x6c, 0xdb, 0x17, 0x17, 0x25, 0xf7, 0xfb, 0x29, 0xbd, 0x0d, 0xb8, 0x88, 0x59, 0x67, 0xf3, 0x78, 0x0f, 0x17,
  0xf2, 0xcf, 0x3f, 0x97, 0xa7, 0x1e, 0x33, 0xa4, 0xf2, 0xc3, 0xde, 0x94, 0xea, 0xd9, 0xe5, 0x1a, 0x36, 0x19, 0x1f, 0x0c,
  0x36, 0x14, 0x33, 0x05, 0x15, 0x5a, 0x2e, 0x50, 0x91, 0xb1, 0xf9, 0x02, 0x04, 0xbb, 0xa2, 0x6e, 0x25, 0x22, 0x3f, 0x46,
  0xd7, 0x30, 0x3a, 0xe1, 0x20, 0x03, 0x8c, 0x2f, 0xc1, 0xbf, 0xb6, 0xe9, 0xc2, 0xa1, 0x78, 0x98, 0xd2, 0xf8, 0xea, 0x4e,
  0x7f, 0x0c, 0x1b, 0x16, 0xd0, 0x25, 0x9e, 0x8a, 0xc9, 0x8b, 0x88, 0x23, 0x2f, 0xa9, 0xd7, 0xbc, 0x8b, 0x1a, 0xde, 0x53,
  0x76, 0x91, 0x07, 0xe3, 0xd9, 0x61, 0x21, 0x37, 0xd6, 0x72, 0x17, 0xc0, 0x3d, 0x2f, 0xc1, 0xf5, 0x17, 0x81, 0x1d, 0x56,
  0x42, 0x95, 0xdd, 0x92, 0xf8, 0xda, 0xaa, 0x85, 0xd2, 0x98, 0xe4, 0x4f, 0xd1, 0x0f, 0xf8, 0x23, 0x76, 0x14, 0x59, 0x53,
  0xd0, 0x11, 0xbd, 0xa0, 0x25, 0x9f, 0x49, 0xc2, 0x57, 0xd5, 0xc8, 0x03, 0x79, 0x8e, 0x4f, 0x4e, 0xd4, 0xbd, 0xd9, 0x2c,
  0x18, 0xe3, 0x33, 0x07, 0xf4, 0x40, 0x21, 0x45, 0xdd, 0xc4, 0x6b, 0xd6, 0x47, 0xe7, 0xe4, 0x9e, 0x33, 0xf2, 0xe8, 0x55,
  0x25, 0x8c, 0x8a, 0x6e, 0x19, 0x02, 0x63, 0x50, 0x59, 0x75, 0xc1, 0xbc, 0xc2, 0xb5, 0x60, 0x1e, 0x26, 0x09, 0xce, 0xf1,
  0x33, 0xda, 0xcf, 0x29, 0x3e, 0xcc, 0x31, 0xec, 0xca, 0x09, 0xde, 0x10, 0x89, 0xc9, 0xad, 0x84, 0xbb, 0x5c, 0x1b, 0x87,
  0xf5, 0x8d, 0x27, 0xe8, 0x23, 0x15, 0xf4, 0x10, 0x07, 0x03, 0xd8, 0x0b, 0xdf, 0xd2, 0x31, 0x4b, 0x71, 0x95, 0x94, 0xc9,
  0x84, 0x97, 0xb6, 0x4a, 0x57, 0x78, 0x5e, 0x85, 0x31, 0x56, 0xaa, 0x4b, 0xa8, 0x0d, 0xde, 0x8c, 0x3c, 0x1f, 0xa9, 0x2a,
  0xce, 0x89, 0x0b, 0x09, 0xcd, 0x7c, 0xd2, 0x20, 0xdf, 0xcf, 0xcd, 0xb9, 0x8a, 0xaa, 0xc3, 0xd0, 0x86, 0x6b, 0x67, 0x3e,
  0x72, 0x20, 0x7c, 0x50, 0x93, 0xf7, 0x39, 0x0a, 0x96, 0xf5, 0xad, 0x3e, 0x50, 0x8b, 0xc0, 0x1f, 0xde, 0x05, 0x7c, 0x63,
  0x15, 0xf0, 0xe8, 0x5c, 0x98, 0x44, 0xd3, 0x06, 0x50, 0xc6, 0xb2, 0xb8, 0x06, 0x3c, 0xb6, 0xc9, 0x23, 0xf6, 0xbe, 0x7c,
  0xb7, 0x59, 0xf6, 0x5e, 0x5c, 0x71, 0x96, 0xd8, 0x52, 0xa8, 0x79, 0xba, 0xf9, 0xae, 0x0a, 0xd8, 0x7a, 0xae, 0x21, 0x00,
  0xbd, 0xa6, 0xb3, 0x2e, 0xbb, 0xa7, 0x5e, 0x97, 0x40, 0x6d, 0x35, 0x3c, 0x55, 0xd1, 0x22, 0x56, 0x8e, 0xa1, 0x47, 0x11,
  0x15, 0x2a, 0x2e, 0x52, 0xae, 0x10, 0xca, 0x4a, 0xac, 0xdc, 0xf2, 0x85, 0x93, 0x1b, 0xf3, 0xfb, 0x6c, 0xe5, 0x1e, 0x54,
  0x04, 0xa4, 0x31, 0x58, 0xe4, 0x4c, 0x8c, 0x68, 0xe2, 0xf3, 0x0d, 0x34, 0xb7, 0x34, 0x0d, 0x46, 0x2f, 0x28, 0x98, 0xb3,
  0x84, 0xc6, 0x5a, 0x68, 0xd1, 0x1d, 0x64, 0x05, 0xa0, 0xd0, 0x00, 0x67, 0x90, 0x8e, 0x47, 0x5e, 0x1c, 0x87, 0x17, 0xea,
  0x1d, 0x56, 0xf1, 0xba, 0xf6, 0x17, 0xc5, 0xf0, 0xbe, 0x0d, 0xf8, 0x87, 0xe1, 0x05, 0x12, 0x7a, 0xf4, 0x32, 0x82, 0x15,
  0x58, 0x8e, 0xfb, 0x6e, 0x51, 0x29, 0x03, 0xea, 0xe6, 0xb1, 0xc0, 0xa5, 0x3e, 0xf1, 0xcd, 0xcf, 0x13, 0xeb, 0x2f, 0x52,
  0x2f, 0xa5, 0x04, 0x19, 0xa7, 0x19, 0x9d, 0x3e, 0x9e, 0x05, 0x7d, 0x8f, 0xbf, 0x28, 0x5a, 0x66, 0x49, 0xe3, 0x68, 0x16,
  0x2c, 0x60, 0x49, 0x68, 0x3a, 0x4b, 0x43, 0xee, 0x56, 0xe3, 0x6c, 0x18, 0x5d, 0x3a, 0x67, 0xb3, 0x31, 0xc2, 0x8e, 0x8f,
  0x55, 0xd1, 0xba, 0xd7, 0x4f, 0xed, 0x7e, 0xd8, 0xd3, 0x0c, 0xa9, 0xe2, 0xc2, 0xe4, 0x3d, 0xee, 0x2d, 0xaa, 0xe8, 0x46,
  0xdc, 0x0a, 0xcd, 0x94, 0x84, 0x7e, 0xda, 0xc0, 0x8a, 0x0f, 0x45, 0xbb, 0xaa, 0x20, 0x24, 0x76, 0x55, 0xac, 0xd2, 0x7e,
  0xfa, 0x10, 0x7e, 0xa3, 0x12, 0xd1, 0x4f, 0xef, 0x4b, 0x0c, 0x77, 0xf0, 0x57, 0x43, 0xfc, 0xea, 0x16, 0x03, 0x66, 0x09,
  0x0f, 0x3e, 0xc9, 0x3e, 0x25, 0xe7, 0x2a, 0x22, 0x5f, 0x37, 0x95, 0xb3, 0x99, 0x1a, 0x6e, 0xbc, 0xc9, 0x6a, 0x7d, 0xfb,
  0xea, 0xf8, 0xfc, 0xe8, 0xec, 0xec, 0xe8, 0x1d, 0x9e, 0x7a, 0xbc, 0x38, 0x79, 0x79, 0x64, 0x2d, 0x6d, 0xeb, 0x70, 0xc5,
  0xb6, 0x0e, 0xb3, 0xb6, 0x0e, 0x2b, 0xdb, 0x2a, 0x45, 0xdf, 0xeb, 0xd3, 0xf4, 0xb8, 0x65, 0xb2, 0xcf, 0xee, 0x53, 0x18,
  0xba, 0x45, 0xa7, 0x3d, 0x1d, 0x75, 0x40, 0x54, 0x51, 0xec, 0x90, 0x17, 0x33, 0x2a, 0xc6, 0x78, 0x76, 0xb5, 0xa4, 0x8d,
  0xfb, 0x8b, 0x61, 0x5b, 0xdf, 0x3a, 0xcd, 0x4d, 0x74, 0xcd, 0x29, 0x10, 0x2a, 0xef, 0x7b, 0xbb, 0xe8, 0xc9, 0x55, 0xbc,
  0x0a, 0x44, 0x27, 0xda, 0xa7, 0xe8, 0x69, 0x0b, 0xcb, 0xa6, 0x70, 0xaf, 0x50, 0x18, 0x33, 0xcf, 0xa3, 0x14, 0x9d, 0x79,
  0xf4, 0xcb, 0x25, 0x46, 0x4c, 0xef, 0x1b, 0xf1, 0x5b, 0x6f, 0x59, 0xdf, 0xfa, 0x69, 0x99, 0xec, 0xa5, 0x97, 0x67, 0x06,
  0x5d, 0x43, 0x06, 0x6a, 0xac, 0xb7, 0x37, 0x1d, 0xc7, 0xec, 0xd4, 0x0c, 0xab, 0x80, 0xfb, 0x35, 0xe7, 0x9c, 0x8f, 0x2d,
  0xba, 0xaa, 0x4e, 0xde, 0xc3, 0xd4, 0x9f, 0xc6, 0x2e, 0xab, 0xe7, 0x41, 0x5a, 0xeb, 0x6d, 0x79, 0x89, 0x5a, 0x2b, 0xf8,
  0x70, 0xab, 0xd9, 0xb1, 0xf4, 0x9a, 0xbb, 0x90, 0x50, 0xba, 0x75, 0x17, 0xf5, 0xc5, 0x20, 0xc1, 0x17, 0xbf, 0x9a, 0x79,
  0xce, 0x6b, 0xe8, 0xa0, 0xd6, 0xdb, 0x06, 0xc6, 0xa9, 0xe3, 0xf4, 0x90, 0x9d, 0x1d, 0xbd, 0x3c, 0x7e, 0xfa, 0x0e, 0x11,
  0x7f, 0x27, 0x10, 0x7f, 0x77, 0xba, 0x7f, 0xf0, 0x7b, 0x8b, 0x89, 0x8e, 0xed, 0xe6, 0x3b, 0x65, 0xb0, 0x70, 0x16, 0x61,
  0xee, 0x49, 0x98, 0xca, 0x93, 0xba, 0x04, 0x31, 0xf3, 0xb1, 0xae, 0x80, 0xa7, 0xd3, 0x81, 0x06, 0x4f, 0x39, 0x58, 0xe7,
  0x81, 0x65, 0x7e, 0xd7, 0x06, 0x70, 0xaa, 0x20, 0x30, 0xa9, 0xc2, 0x42, 0x33, 0xdd, 0xc2, 0x32, 0x32, 0x0b, 0xf3, 0xb2,
  0xce, 0xd3, 0xa3, 0xad, 0x4f, 0x99, 0x2d, 0x27, 0xc8, 0x96, 0xed, 0xdb, 0x3a, 0x39, 0xd9, 0x06, 0x8a, 0x03, 0x78, 0x45,
  0x47, 0x60, 0xe3, 0xb9, 0xf9, 0x5d, 0x10, 0xd4, 0x01, 0xde, 0xe4, 0x62, 0xa3, 0x71, 0x85, 0x8f, 0x87, 0x44, 0x5b, 0xaa,
  0x1d, 0x1e, 0xde, 0xfe, 0xe5, 0xd9, 0xfe, 0x8b, 0x17, 0x78, 0xd9, 0x6d, 0xa1, 0x02, 0x08, 0xf5, 0xcf, 0x42, 0x7a, 0x1f,
  0x04, 0x83, 0x5b, 0xe2, 0x4b, 0xd8, 0x09, 0xec, 0xf6, 0x61, 0x50, 0x78, 0x3c, 0x5c, 0xdc, 0x74, 0xd6, 0x6f, 0x07, 0xda,
  0x8c, 0xc2, 0x8f, 0x67, 0xb1, 0xb9, 0x49, 0xca, 0x4f, 0x82, 0xf9, 0xb8, 0xb9, 0xdc, 0xac, 0x3b, 0x8e, 0xc8, 0xee, 0x69,
  0x12, 0x29, 0x92, 0xcb, 0x30, 0xed, 0x8f, 0xce, 0xbd, 0x5e, 0xbd, 0x96, 0x7a, 0xbd, 0x2c, 0x08, 0x8b, 0x91, 0x0c, 0x4e,
  0xc3, 0x71, 0x94, 0x06, 0x75, 0x32, 0x1a, 0x1a, 0xdf, 0x01, 0xc5, 0xce, 0x9c, 0x7a, 0xf1, 0xd3, 0x80, 0x47, 0x31, 0xdf,
  0xa5, 0x0b, 0xd9, 0x74, 0x99, 0x69, 0x16, 0x47, 0x69, 0xd4, 0x8f, 0xc6, 0x99, 0x90, 0xb9, 0x43, 0x67, 0x0a, 0xaa, 0x00,
  0x5e, 0xcd, 0xe6, 0x3c, 0x82, 0xd2, 0xef, 0xbd, 0xa9, 0xd1, 0x65, 0x6e, 0x4c, 0x46, 0x93, 0xad, 0xdb, 0x7a, 0xd0, 0x04,
  0x9e, 0xdc, 0x74, 0x6b, 0x6f, 0x9b, 0xe1, 0xb4, 0x3f, 0x9e, 0xfb, 0x20, 0x10, 0xe4, 0x2a, 0x4f, 0x41, 0xbf, 0xb4, 0xca,
  0x51, 0x5a, 0xc3, 0xd9, 0xb3, 0x60, 0x12, 0xc5, 0x61, 0x52, 0x11, 0xad, 0x94, 0x5f, 0x1c, 0xcf, 0x97, 0xca, 0x5d, 0x23,
  0x1f, 0x16, 0xaf, 0x91, 0x2f, 0xbe, 0x40, 0x8e, 0x8b, 0xb3, 0x30, 0x0e, 0xc8, 0xe7, 0x0c, 0x37, 0x50, 0xf5, 0xe1, 0xe1,
  0xb7, 0xdd, 0x0b, 0xf7, 0x3c, 0x73, 0xb9, 0x55, 0x6e, 0x43, 0x66, 0xc0, 0x7a, 0x7f, 0xf0, 0x1a, 0x84, 0x46, 0x4a, 0x25,
  0x63, 0x33, 0xfe, 0x7d, 0xb8, 0x9e, 0xf4, 0xe3, 0x70, 0x96, 0xee, 0x7d, 0xf1, 0x70, 0xbd, 0x17, 0xf9, 0xd7, 0xf8, 0x17,
  0x5f, 0x12, 0xd8, 0xfb, 0xe2, 0xff, 0x03, 0x7a, 0xf5, 0xce, 0xbf, 0x89, 0x3c, 0x01, 0x00,
};
